codeFleet,depot_id,hours_service,model_code,line_code,manufacturer,overhaulLast,id_unit,year_commission,region_install,serial_number,ownerOperator,duty_class
FA,105,20874.10000,XC-7,L6,"Rivers, Welch and Hood","05/06/2023, 00:00:00",1,2019,Christinehaven,AJ-0056-27354,Huhn KGaA,3
FA,37,6896.40000,XC-7,L4,Walker Ltd,2024-01-15,2,2023,Zerbst,ED-7134-75911,Rädel Löwer AG,heavy
FE,36,8193.90000,APU-12,L4,Schenk GmbH,2023/01/19,3,2022,Guimarães,AT-0639-19922,Macedo Faria e Filhos,1
FB,102,18235.40000,APU-20,L6,Silva,2024-03-14,4,2019,Lake Amy,JW-3703-50512,Reinhardt,3
FB,11,11350.30000,XC-7,L5,Huhn KGaA,2019-05-07,5,2021,Fiães,UC-0462-35464,Leal Freitas S/A,1
FC,82,11153.30000,APU-20,L1,"Moore, Kennedy and Berger",2023-05-29,6,2021,Almada,GY-2700-89951,Heinrich, heavy 
FD,22,15397.10000,APU-15,L6,Christoph GmbH,2016-06-06,7,2020,Schleiz,FD-2134-04275,Reinhardt, 1 
FE,79,6780.10000,APU-20,L6,Teixeira,"12/24/2019, 00:00:00",8,2023,Angermünde,ST-8431-86902,Schenk GmbH,2
FB,100,6351.80000,XC-7,L4,Pinho Lopes Lda.,05 Apr 2021,9,2023,Harrisbury,DZ-5503-00465,Mitschke,H
FE,94,6540.80000,APU-20,L4,Trapp Langern OHG mbH,"04/16/2020, 00:00:00",10,2023,New Danielshire,VT-0076-65200,Macedo Faria e Filhos,heavy
FC,116,12194.60000,APU-15,L5,Huhn KGaA,2015/08/21,11,2021,Bad Freienwalde,QS-2799-82567,James PLC,heavy
FC,19,45000.00000,APU-15,L6,Kraushaar GbR,"10/10/2020, 00:00:00",12,2012,Torres Vedras,MP-3732-18867,Reinhardt,1
FE,112,18899.40000,APU-12,L5,Schenk GmbH,02 Mar 2022,13,2019,Bruchsal,FW-5765-86581,"Becker, Sanchez and Crawford",heavy
FE,43,7965.20000,APU-15,L1,Schenk GmbH,"05/24/2019, 00:00:00",14,2022,Nordhausen,RV-3522-37166,Ribeiro,normal
FB,42,2708.20000,APU-15,L1,"Carter, Kim and Allen",2020/03/04,15,2024,Genthin,EG-5585-47762,"Carter, Kim and Allen",normal
FB,17,9222.40000,APU-12,L6,Hermighausen Weinhold AG & Co. KG,18 Jan 2018,16,2022,Naila,CH-6250-89474,"Becker, Sanchez and Crawford",L
FE,39,10507.70000,XC-7,L3,"Hernandez, Malone and Smith",2017-09-24,17,2021,Sacavém,CJ-8732-31238,Rädel Löwer AG,L
FA,54,6999.40000,APU-12,L5,Rädel Löwer AG,20 Aug 2019,18,2023,Hensleyville,ZT-2430-31610,"Carter, Kim and Allen",2
FA,19,19589.60000,APU-12,L6,Mangold GbR,2017/01/25,19,2019,New Danielshire,NQ-7518-14042,"Barker, Henson and Neal",light
FD,19,18658.80000,XC-7,L5,Trapp Langern OHG mbH,"02/04/2022, 00:00:00",20,2019,Nordhausen,SI-7152-99924,Trevino-Turner,1
FA,17,13104.90000,XC-7,L4,"Henson, Walker and Pruitt",2018-12-29,21,2021,Caldas da Rainha,TN-2495-01689,Zobel,L
FC,93,13172.20000,XC-7,L4,Kraushaar GbR,2015-05-18,22,2021,Loulé,RP-7087-39877,Mangold GbR,H
FA,26,9550.80000,APU-15,L4,Heinrich,"06/28/2024, 00:00:00",23,2022,Moniqueside,IV-6834-45032,Amorim,1
FD,44,10502.60000,APU-15,L1,Hövel Jopich KG,17 Nov 2021,24,2021,Amarante,FH-5753-48033,Trapp Langern OHG mbH,H
FB,25,11172.80000,XC-7,L5,Schenk GmbH,2018-03-29,25,2021,Christinehaven,NP-5998-23548,Stroh,light
FB,119,26191.30000,APU-15,L1,"Rivers, Welch and Hood",2018/03/25,26,2017,Genthin,KH-3933-15840,"Barker, Henson and Neal",light
FB,32,7062.70000,APU-20,L4,Trapp Langern OHG mbH,"03/01/2015, 00:00:00",27,2022,Naila,SJ-6556-36188,Kraushaar GbR,light
FC,3,32545.40000,APU-15,L3,"Carter, Kim and Allen",2022-10-06,28,2015,Caldas da Rainha,CU-0218-30866,"Moore, Kennedy and Berger",light
FC,19,15715.60000,XC-7,L5,Roy and Sons,2024/07/19,29,2020,Caldas da Rainha,EP-6730-78082,Kraushaar GbR,light
FA,20,3459.90000,APU-20,L6,Rädel Löwer AG,2024-11-04,30,2024,Chaves,FB-2363-54115,Trapp Langern OHG mbH,L
FD,61,4261.90000,XC-7,L1,"Carter, Kim and Allen","05/12/2017, 00:00:00",31,2023,Bad Freienwalde,GM-4146-57687,Trevino-Turner,N
FA,62,21739.70000,APU-12,L1,"Becker, Sanchez and Crawford","05/23/2020, 00:00:00",32,2018,Cartaxo,BP-5571-01479,Heinrich,1
FD,116,3015.70000,APU-15,L6,Mangold GbR,12 Sep 2018,33,2024,Harrisbury,MU-1937-34231,Christoph GmbH,3
FE,52,22613.90000,XC-7,L4,Reinhardt,2018/08/30,34,2018,New Danielshire,AV-1935-96734,Johnson-Garrett,N
FA,33,11588.70000,APU-12,L2,Pinho Lopes Lda.,2018-03-16,35,2021,Caldas da Rainha,PR-1889-18021,"Moore, Kennedy and Berger",L
FB,89,,APU-15,L3,Mangold GbR,"05/28/2015, 00:00:00",36,2020,Moniqueside,GW-3321-59003,Hofmann Bender GmbH,1
FA,64,5929.60000,APU-20,L4,Zobel,2022-12-03,37,2023,Caldas da Rainha,OQ-8807-23724,Heinrich,N
FB,58,32635.60000,XC-7,L4,"Barker, Henson and Neal",13 Feb 2019,38,2015,Nürtingen,JX-9417-72120,"Hernandez, Malone and Smith",normal
FC,1,42149.10000,APU-12,L5,Hermighausen Weinhold AG & Co. KG,"05/16/2018, 00:00:00",39,2012,Lake Amy,QF-7995-62386,Teixeira,1
FE,63,15541.30000,XC-7,L4,Silva,28 Nov 2023,40,2020,Johnnymouth,VG-5393-93448,Teixeira,1
FD,62,9532.30000,APU-12,L6,Huhn KGaA,2015-07-23,41,2022,São João da Madeira,LJ-8496-44902,Macedo Faria e Filhos,1
FD,69,7053.20000,APU-20,L3,James PLC,"01/23/2017, 00:00:00",42,2022,Youngfort,ED-5741-42665,Kraushaar GbR,1
FB,72,7269.10000,APU-15,L5,Mangold GbR,03 Dec 2018,43,2022,South Renee,BM-3367-86869,Silva, N 
FC,58,6664.60000,APU-15,L6,Leal Freitas S/A,2016-11-10,44,2023,Caldas da Rainha,KQ-0202-93985,Hermighausen Weinhold AG & Co. KG,3
FE,79,7197.40000,APU-15,L5,Roy and Sons,17 May 2021,45,2022,South Sabrina,RZ-1097-15037,Rogner KG,med
FD,36,9414.50000,APU-12,L2,Huhn KGaA,2022-08-02,46,2022,Nürtingen,KN-0431-02330,Trapp Langern OHG mbH,2
FB,86,14419.20000,APU-20,L4,Trevino-Turner,"05/08/2020, 00:00:00",47,2020,Almada,KC-5757-82538,Rogner KG,3
FD,57,5564.40000,APU-15,L2,Pinho Lopes Lda.,2024-06-07,48,2023,Trancoso,KK-6855-29000,Silva,3
FB,82,3295.30000,XC-7,L1,Faria,2015-10-23,49,2024,Vila Real,DG-5968-50677,Schenk GmbH,heavy
FD,84,17955.20000,APU-12,L5,Hermighausen Weinhold AG & Co. KG,2021-06-10,50,2019,Ochsenfurt,XQ-9841-36901,Zobel,3
FD,102,7904.10000,XC-7,L4,"Henson, Walker and Pruitt",09 Aug 2024,51,2022,Hensleyville,KM-2419-23051,Stroh,H
FC,48,4688.00000,APU-20,L3,Pinho Lopes Lda.,12 Jul 2023,52,2023,Fiães,MY-0729-84344,Macedo Faria e Filhos,med
FD,96,11505.70000,APU-12,L3,Reinhardt,25 Jul 2016,53,2021,Amarante,UV-7542-45731,Pinho Lopes Lda.,H
FA,49,27408.30000,XC-7,L5,Christoph GmbH,2015-01-08,54,2017,Caldas da Rainha,DK-4048-54155,Johnson-Garrett,normal
FE,101,21836.70000,APU-20,L4,Faria,2015-05-09,55,2018,Biedenkopf,OR-0252-02465,Hofmann Bender GmbH,heavy
FA,18,20133.40000,APU-20,L4,Amorim,2021-12-14,56,2019,Biedenkopf,WC-6768-27930,"Hernandez, Malone and Smith",L
FD,55,6097.30000,XC-7,L4,Heinrich,2020/01/16,57,2023,Port Alanside,ZK-0782-06936,Gutknecht Stiftung & Co. KG,normal
FB,28,11809.30000,XC-7,L3,Silva,18 Dec 2015,58,2021,Fiães,DQ-8706-22685,Mangold GbR,H
FB,4,17597.20000,APU-15,L2,Rogner KG,"06/09/2018, 00:00:00",59,2019,Cartaxo,KN-0340-54919,Heinrich,light
FD,27,5683.10000,APU-15,L1,Gutknecht Stiftung & Co. KG,28 Nov 2019,60,2023,Angermünde,OK-8736-94252,Gutknecht Stiftung & Co. KG,1
FD,88,5675.20000,XC-7,L2,Silva,"04/09/2022, 00:00:00",61,2023,Moura,DD-4956-06933,Zobel,heavy
FB,60,12865.00000,APU-15,L2,Christoph GmbH,2017-05-28,62,2021,Leeberg,JG-4255-49674,Ribeiro,med
FD,99,9860.60000,APU-15,L6,Rädel Löwer AG,"07/19/2019, 00:00:00",63,2022,Kusel,JE-1168-07803,Stroh,3
FA,78,3778.60000,APU-12,L6,Heinrich,2016/10/18,64,2023,Klötze,BY-3954-39566,Rädel Löwer AG,heavy
FC,99,12571.50000,APU-12,L4,Kraushaar GbR,31 Jul 2023,65,2021,Leeberg,JQ-1216-75061,Macedo Faria e Filhos,L
FA,50,26852.90000,APU-20,L5,Christoph GmbH,2018-06-13,66,2017,Ebersberg,YL-7759-01899,Heinrich,L
FD,57,6982.30000,APU-20,L2,"Moore, Kennedy and Berger",2018-12-04,67,2023,Gifhorn,YS-7023-69969,Rogner KG,med
FD,31,21101.60000,XC-7,L2,Kraushaar GbR,22 Dec 2016,68,2018,Tondela,FU-4008-20570,Reinhardt,1
FD,35,2271.60000,APU-15,L2,Hermighausen Weinhold AG & Co. KG,2016/07/07,69,2024,Angermünde,YX-5522-91868,"Rivers, Welch and Hood",H
FE,84,12038.20000,APU-15,L4,Rogner KG,2016-11-14,70,2021,Torres Vedras,AQ-6406-69666,Mitschke, light 
FE,98,,APU-12,L5,James PLC,"08/26/2021, 00:00:00",71,2023,Fiães,RT-5715-23127,Macedo Faria e Filhos, H 
FC,37,9029.30000,APU-20,L4,Allen-Ferguson,30 Dec 2016,72,2022,New Danielshire,GF-3753-69687,Heinrich,light
FE,19,13472.70000,APU-20,L4,Mitschke,"06/29/2019, 00:00:00",73,2021,Vila Real,ND-7898-10797,Trevino-Turner, 2 
FA,16,8724.80000,XC-7,L3,Reinhardt,2015-08-13,74,2022,Lourosa,KM-5051-78945,"Gibbs, Scott and Moore",light
FD,102,9878.30000,APU-15,L5,Silva,09 Oct 2024,75,2022,Klötze,LV-4632-22791,Ribeiro,H
FA,76,22049.50000,APU-12,L6,"Barker, Henson and Neal",2018/09/22,76,2018,Schleiz,UF-7276-82547,Schenk GmbH,2
FA,16,5698.20000,APU-15,L5,Trevino-Turner,"02/02/2024, 00:00:00",77,2023,Trancoso,AB-8080-14406,Rädel Löwer AG,light
FB,17,7243.30000,APU-15,L5,Pinto Gaspar S.A.,"02/11/2015, 00:00:00",78,2022,Biedenkopf,KD-3117-87142,"Becker, Sanchez and Crawford",light
FE,103,10237.00000,APU-12,L2,Gutknecht Stiftung & Co. KG,2020/01/07,79,2022,São João da Madeira,NT-0590-18882,Leal Freitas S/A, heavy 
FD,5,15196.30000,APU-15,L1,Pinto Gaspar S.A.,"04/25/2021, 00:00:00",80,2020,Regen,ZQ-8354-12759,Trapp Langern OHG mbH, L 
FA,58,11169.40000,APU-15,L3,Amorim,13 Jan 2019,81,2021,Nürtingen,LM-2294-19577,Leal Freitas S/A,N
FB,43,43880.10000,APU-15,L3,"Henson, Walker and Pruitt",2018-11-25,82,2012,Tondela,XW-9433-34418,Johnson-Garrett,normal
FB,119,5296.10000,XC-7,L5,Pinto Gaspar S.A.,16 Aug 2020,83,2023,Lourosa,YI-9240-83668,Kraushaar GbR, L 
FB,66,5444.00000,APU-15,L5,Rädel Löwer AG,"07/16/2017, 00:00:00",84,2023,Bad Freienwalde,YF-9454-51031,Walker Ltd,heavy
FA,62,37214.30000,APU-20,L6,Gutknecht Stiftung & Co. KG,20 Jan 2021,85,2014,Port Alanside,CM-2406-31761,Zobel,med
FE,42,11843.00000,XC-7,L3,Ribeiro,2015-02-27,86,2021,Regen,XU-7819-42089,Hermighausen Weinhold AG & Co. KG,normal
FA,87,5483.40000,APU-15,L2,Hofmann Bender GmbH,2017/03/09,87,2023,Harrisbury,HF-2999-67127,Huhn KGaA,L
FE,46,17054.10000,APU-15,L5,Stroh,"11/01/2023, 00:00:00",88,2020,Trancoso,MW-2393-01109,Kraushaar GbR, med 
FA,51,12396.90000,APU-12,L2,Leal Freitas S/A,2019-05-02,89,2021,Johnfort,TG-5150-94467,Leal Freitas S/A,med
FA,110,14853.90000,APU-20,L6,"Becker, Sanchez and Crawford","08/29/2016, 00:00:00",90,2020,Barbarachester,EX-7095-38241,Rädel Löwer AG,3
FA,13,9442.30000,APU-12,L2,"Barker, Henson and Neal",02 Dec 2019,91,2022,Port Alanside,UM-2770-07347,Pinho Lopes Lda.,1
FB,65,7843.90000,APU-15,L3,Schenk GmbH,2020/08/04,92,2022,Sacavém,OV-2566-54124,Rogner KG,normal
FE,38,11835.30000,APU-15,L2,Huhn KGaA,01 Aug 2019,93,2021,Genthin,YB-0354-36688,Mangold GbR, 1 
FA,10,32161.20000,APU-20,L2,Teixeira,2018/08/20,94,2015,Amarante,OP-1109-44395,Huhn KGaA,light
FD,70,5921.60000,APU-15,L5,Amorim,"06/28/2015, 00:00:00",95,2023,Lourosa,HY-3790-33122,Pinho Lopes Lda.,med
FD,117,18450.00000,APU-20,L1,Johnson-Garrett,2023/01/25,96,2019,Guimarães,XM-5209-48383,Hofmann Bender GmbH,3
FD,117,12967.70000,APU-20,L1,Gutknecht Stiftung & Co. KG,15 Feb 2017,97,2021,São João da Madeira,FM-7858-48729,Teixeira,heavy
FD,35,7899.90000,APU-12,L5,Pinto Gaspar S.A.,2017-12-05,98,2022,Johnnymouth,HM-2222-51868,"Gibbs, Scott and Moore",L
FB,84,23918.50000,APU-15,L1,"Moore, Kennedy and Berger",2018-01-14,99,2018,Quarteira,SC-0304-63126,Hövel Jopich KG,3
FD,2,10618.40000,APU-12,L2,Zobel,22 Dec 2017,100,2021,Ebersberg,VY-8994-74048,Huhn KGaA, light 
FE,106,16211.40000,APU-12,L6,Reinhardt,27 Jul 2022,101,2020,Ochsenfurt,YP-5583-00277,Kraushaar GbR,3
FB,46,13347.70000,APU-12,L5,Reinhardt,2017/07/23,102,2021,Klötze,BH-8636-56530,Trapp Langern OHG mbH,med
FC,113,17573.20000,APU-15,L5,Hofmann Bender GmbH,20 Oct 2016,103,2019,East Joshuabury,FO-5414-60701,Faria,H
FC,88,18629.30000,APU-12,L5,Hermighausen Weinhold AG & Co. KG,2021-07-24,104,2019,Nürtingen,IW-9126-41566,Pinto Gaspar S.A.,light
FB,81,8920.70000,APU-12,L2,Christoph GmbH,2021-04-21,105,2022,New Danielshire,RE-2377-78275,Macedo Faria e Filhos,L
FC,30,8499.30000,XC-7,L4,Heinrich,"04/11/2022, 00:00:00",106,2022,Harrisbury,UT-1857-12892,Heinrich,light
FA,82,29119.50000,APU-20,L2,Huhn KGaA,2015/04/26,107,2016,Youngfort,MO-2616-69140,Gutknecht Stiftung & Co. KG,3
FC,68,9232.50000,APU-15,L4,Trapp Langern OHG mbH,2023/02/13,108,2022,Johnnymouth,GW-6909-90730,Trapp Langern OHG mbH,normal
FA,58,23743.10000,XC-7,L6,Faria,2018/03/12,109,2018,Harrisbury,FA-0506-10953,Teixeira,2
FC,49,,XC-7,L3,Gutknecht Stiftung & Co. KG,2015/07/30,110,2020,Moura,DB-1923-45944,Amorim,N
FC,78,16108.00000,XC-7,L1,Ribeiro,2018-11-18,111,2020,Schleiz,MG-7426-09912,Hofmann Bender GmbH,med
FC,74,12687.20000,APU-12,L2,Pinto Gaspar S.A.,2020/01/17,112,2021,Horta,ZD-6277-89997,Silva,2
FB,10,13316.20000,APU-12,L6,Reinhardt,2016-10-27,113,2021,Johnnymouth,OF-1310-26028,Pinto Gaspar S.A.,light
FC,107,10520.50000,APU-20,L2,Johnson-Garrett,2023-04-24,114,2021,Gomezberg,SC-1852-76523,Rädel Löwer AG, heavy 
FA,86,8793.00000,APU-15,L6,Hofmann Bender GmbH,2021/03/03,115,2022,Chaves,JW-9191-97114,"Moore, Kennedy and Berger",3
FB,5,12048.30000,APU-20,L5,Macedo Faria e Filhos,2018-02-22,116,2021,Horta,UL-2643-23200,Hofmann Bender GmbH,L
FC,48,12818.80000,APU-12,L2,Macedo Faria e Filhos,15 Mar 2021,117,2021,Macedo de Cavaleiros,GY-1575-49120,Roy and Sons,N
FE,116,25343.80000,XC-7,L2,Schenk GmbH,2022-10-06,118,2017,Oranienburg,MU-7169-62628,Hofmann Bender GmbH,H
FC,0,19208.00000,APU-15,L1,Hövel Jopich KG,2023/09/11,119,2019,Nürtingen,PR-2417-01532,Roy and Sons,light
FC,104,16038.70000,APU-20,L1,Ribeiro,2022-10-15,120,2020,Caldas da Rainha,IH-7002-77970,Christoph GmbH,H
FD,106,9838.50000,APU-12,L6,James PLC,29 Jul 2020,121,2022,Gomezberg,PQ-1164-89306,Christoph GmbH,3
FE,106,4208.40000,APU-20,L3,"Hernandez, Malone and Smith",2023/07/17,122,2023,West Nicolechester,OD-1508-31170,Hövel Jopich KG,3
FD,107,17523.20000,APU-20,L2,Hermighausen Weinhold AG & Co. KG,2023-12-24,123,2019,Moniqueside,JC-1547-34645,"Rivers, Welch and Hood",light
FE,37,22831.00000,APU-15,L6,"Rivers, Welch and Hood",2024/12/12,124,2018,East Joshuabury,JH-5679-04736,Macedo Faria e Filhos,light
FC,9,12029.20000,APU-20,L3,Johnson-Garrett,2023-04-28,125,2021,Klötze,FT-1655-21348,Silva,1
FC,9,10031.50000,XC-7,L4,Roy and Sons,2018-01-15,126,2022,Barbarachester,KS-0712-43032,Trevino-Turner,L
FE,30,36989.00000,XC-7,L2,Mangold GbR,"04/01/2019, 00:00:00",127,2014,Amarante,AK-3918-94587,Leal Freitas S/A,light
FD,2,17694.50000,XC-7,L2,Leal Freitas S/A,"10/13/2023, 00:00:00",128,2019,Moniqueside,TZ-3035-24005,Hövel Jopich KG,light
FE,47,13322.40000,XC-7,L6,Leal Freitas S/A,"02/08/2024, 00:00:00",129,2021,Genthin,DP-6140-80625,Mangold GbR,light
FC,0,13553.80000,APU-12,L6,Reinhardt,2016/08/04,130,2021,Almada,EW-8633-43276,Faria,1
FC,102,16554.20000,APU-12,L1,Gutknecht Stiftung & Co. KG,2020/11/07,131,2020,Gomezberg,MN-2970-69226,Pinto Gaspar S.A.,H
FA,68,5962.10000,APU-15,L3,Rädel Löwer AG,2024-12-11,132,2023,Naila,FZ-8722-57898,Ribeiro,normal
FC,90,10380.60000,APU-20,L5,Stroh,2024/12/12,133,2022,Chaves,VS-2313-74814,Pinho Lopes Lda.,N
FC,27,5318.30000,APU-12,L6,Rogner KG,2016-04-10,134,2023,Leeberg,VX-5761-43297,Amorim,L
FD,10,5393.60000,APU-15,L3,Kraushaar GbR,09 Apr 2017,135,2023,Torres Novas,IA-5208-57109,Roy and Sons,L
FA,62,7216.10000,XC-7,L3,Stroh,"11/18/2020, 00:00:00",136,2022,Gomezberg,QX-2828-87969,Schenk GmbH,med
FB,60,7409.90000,APU-15,L5,Rädel Löwer AG,2021-03-20,137,2022,Trancoso,DL-5842-99799,Leal Freitas S/A,med
FD,59,9961.80000,XC-7,L2,Roy and Sons,2020-06-28,138,2022,Johnfort,SS-1859-06236,Pinto Gaspar S.A.,2
FD,11,,APU-12,L2,Ribeiro,"08/01/2015, 00:00:00",139,2022,Torres Novas,VB-8597-76501,Gutknecht Stiftung & Co. KG,1
FD,28,9469.60000,APU-12,L4,Roy and Sons,2023-09-21,140,2022,Trancoso,MG-8989-02489,Trapp Langern OHG mbH,L
FB,100,4198.60000,APU-15,L2,Gutknecht Stiftung & Co. KG,2023/01/01,141,2023,Lourosa,RF-3805-66141,Silva,3
FD,101,30097.80000,XC-7,L3,Rädel Löwer AG,2019/04/17,142,2016,Fiães,VD-4242-66774,Roy and Sons,1
FB,3,8252.00000,APU-12,L6,Mitschke,2024-04-05,143,2022,Nürtingen,CP-0700-45378,"Hernandez, Malone and Smith",light
FB,64,12527.20000,APU-20,L3,Hövel Jopich KG,"11/01/2018, 00:00:00",144,2021,Harrisbury,FB-0187-71200,Mangold GbR,med
FA,29,15720.90000,APU-12,L6,Pinho Lopes Lda.,26 Jul 2017,145,2020,Sacavém,BF-3346-73069,"Hernandez, Malone and Smith",L
FD,92,15048.00000,APU-20,L5,Schenk GmbH,2018/06/05,146,2020,Caldas da Rainha,PN-9167-23171,Johnson-Garrett,heavy
FC,35,20654.90000,APU-15,L5,Zobel,2023-06-10,147,2019,São João da Madeira,AX-2499-73201,Rädel Löwer AG,1
FC,77,5420.20000,APU-20,L1,Macedo Faria e Filhos,2017/12/11,148,2023,Moura,JP-0369-97164,Roy and Sons, N 
FE,19,12896.70000,APU-15,L3,Trapp Langern OHG mbH,2019/09/20,149,2021,Johnnymouth,WQ-2365-36007,"Becker, Sanchez and Crawford",1
FB,73,8117.10000,XC-7,L3,Teixeira,2020/05/28,150,2022,Chaves,PM-1380-22536,Allen-Ferguson, 1 
FC,34,9720.40000,APU-15,L1,Reinhardt,2020/01/22,151,2022,Moniqueside,OG-8415-21625,Teixeira,light
FB,103,14182.00000,APU-15,L4,Johnson-Garrett,23 Sep 2024,152,2020,Moniqueside,MA-8887-73964,Hövel Jopich KG,H
FA,13,,XC-7,L2,Huhn KGaA,"04/16/2017, 00:00:00",153,2021,Horta,VA-8647-01794,Allen-Ferguson,L
FD,98,29107.40000,APU-20,L4,Gutknecht Stiftung & Co. KG,2022-08-03,154,2016,Regen,AK-0527-63601,"Henson, Walker and Pruitt",heavy
FE,60,5606.20000,APU-12,L6,Zobel,"05/09/2023, 00:00:00",155,2023,Cartaxo,SI-9241-38040,Pinho Lopes Lda.,med
FB,90,15364.70000,APU-20,L1,Heinrich,"10/14/2022, 00:00:00",156,2020,Sacavém,LF-3522-33025,"Moore, Kennedy and Berger", H 
FD,113,4568.60000,APU-20,L1,Reinhardt,"06/18/2022, 00:00:00",157,2023,Genthin,DL-1036-33885,"Rivers, Welch and Hood",L
FC,62,12509.80000,APU-12,L5,James PLC,"08/07/2019, 00:00:00",158,2021,Amarante,OZ-6631-68049,"Rivers, Welch and Hood",N
FE,89,8434.50000,APU-12,L5,Roy and Sons,"07/19/2024, 00:00:00",159,2022,Genthin,GT-2054-49129,Amorim,heavy
FE,35,4531.00000,APU-20,L5,"Barker, Henson and Neal",12 Dec 2016,160,2023,Lourosa,VO-9284-30266,Hermighausen Weinhold AG & Co. KG,L
FC,93,45000.00000,XC-7,L1,Hövel Jopich KG,"01/30/2021, 00:00:00",161,2012,Hensleyville,IO-0233-02681,Hövel Jopich KG, H 
FA,77,22817.40000,APU-12,L4,Gutknecht Stiftung & Co. KG,"06/23/2021, 00:00:00",162,2018,Lourosa,HY-7317-67841,Hövel Jopich KG,N
FD,81,21961.70000,APU-20,L3,Gutknecht Stiftung & Co. KG,"04/30/2016, 00:00:00",163,2018,Sacavém,QP-4729-13333,Trevino-Turner,H
FD,89,8224.00000,APU-15,L4,Pinho Lopes Lda.,2020-09-11,164,2022,Naila,JN-0734-76748,Hofmann Bender GmbH,L
FE,34,8083.40000,APU-15,L5,"Gibbs, Scott and Moore",2022/02/10,165,2022,Moniqueside,TH-8704-27938,Pinto Gaspar S.A.,L
FC,83,16472.80000,APU-20,L4,Rädel Löwer AG,28 Nov 2020,166,2020,Lourosa,TC-0020-58358,Huhn KGaA,heavy
FE,90,13390.60000,XC-7,L6,Walker Ltd,2015/08/04,167,2021,Gomezberg,KZ-9315-68822,Allen-Ferguson,2
FA,42,20028.30000,APU-20,L3,Huhn KGaA,2017-06-25,168,2019,Chaves,LS-7101-86449,Gutknecht Stiftung & Co. KG,normal
FC,79,18128.60000,XC-7,L2,Huhn KGaA,17 Jul 2024,169,2019,Klötze,DU-8653-57581,Macedo Faria e Filhos,med
FA,108,24764.90000,APU-20,L5,Rädel Löwer AG,2016-07-07,170,2017,New Danielshire,YN-3895-26525,Faria,3
FC,45,24654.80000,APU-12,L1,Macedo Faria e Filhos,2024/04/29,171,2017,Gifhorn,CA-3543-46555,Allen-Ferguson,med
FA,54,17048.30000,XC-7,L5,Kraushaar GbR,2023-05-13,172,2020,Vila Real,ZT-9801-73986,Reinhardt,2
FE,112,9064.70000,APU-12,L2,Ribeiro,2022-03-09,173,2022,Barbarachester,VT-2927-16861,Heinrich,3
FD,27,7495.40000,APU-15,L6,Reinhardt,"04/28/2023, 00:00:00",174,2022,Kusel,XN-9405-85075,Rogner KG,2
FB,79,10464.20000,APU-12,L1,Zobel,"04/03/2020, 00:00:00",175,2022,Johnnymouth,CZ-9510-88097,Reinhardt,normal
FC,115,11636.40000,APU-20,L6,Rädel Löwer AG,"09/15/2016, 00:00:00",176,2021,Ochsenfurt,TA-1157-79631,Ribeiro,heavy
FC,101,9255.60000,APU-20,L6,Pinho Lopes Lda.,2017-10-16,177,2022,Gifhorn,PX-4412-07484,"Henson, Walker and Pruitt",3
FD,55,6974.00000,APU-20,L6,Stroh,2024/12/11,178,2023,South Renee,NM-8390-72067,Hövel Jopich KG,2
FC,51,10275.00000,APU-20,L3,Johnson-Garrett,2018/11/11,179,2022,Caldas da Rainha,IR-9341-54863,"Becker, Sanchez and Crawford",L
FD,34,14330.60000,APU-15,L4,"Barker, Henson and Neal","09/08/2021, 00:00:00",180,2020,Moniqueside,TT-5749-28644,Reinhardt,1
FC,55,11880.90000,APU-15,L6,"Henson, Walker and Pruitt",27 Jul 2024,181,2021,Barbarachester,SW-4242-81238,Huhn KGaA,normal
FD,17,5852.50000,APU-20,L5,Walker Ltd,"04/18/2016, 00:00:00",182,2023,Cartaxo,IB-4053-67711,"Carter, Kim and Allen",1
FB,74,16879.20000,APU-15,L6,Zobel,2023/01/30,183,2020,Vila Real,ZG-7603-83879,Walker Ltd,light
FE,113,,APU-12,L6,Trevino-Turner,2021/03/23,184,2015,Kusel,UO-8960-93897,Hofmann Bender GmbH,H
FB,47,4176.40000,APU-20,L2,Faria,2017-07-15,185,2023,São João da Madeira,PL-6954-78534,Hövel Jopich KG,normal
FD,119,4418.80000,XC-7,L6,Hermighausen Weinhold AG & Co. KG,2015/11/06,186,2023,Vila Real,XG-2666-90401,"Rivers, Welch and Hood",L
FA,90,5283.70000,APU-12,L5,"Barker, Henson and Neal",2015-09-22,187,2023,New Danielshire,OG-2262-65255,Reinhardt,L
FB,91,8470.10000,APU-15,L6,Rogner KG,2016-10-25,188,2022,São Salvador de Lordelo,IG-4183-98210,Roy and Sons,normal
FB,101,6509.00000,APU-20,L6,"Barker, Henson and Neal","11/16/2017, 00:00:00",189,2023,Gomezberg,OZ-9993-53734,Reinhardt,normal
FA,117,,APU-15,L6,Huhn KGaA,22 Oct 2020,190,2019,Gomezberg,TP-6498-18201,Ribeiro,light
FB,78,13284.60000,XC-7,L4,Schenk GmbH,"09/27/2021, 00:00:00",191,2021,Lourosa,VE-3612-27272,Faria, med 
FE,0,9754.00000,APU-20,L4,Mitschke,"10/17/2021, 00:00:00",192,2022,Moura,YV-6811-90545,Kraushaar GbR,L
FD,34,6719.00000,APU-12,L1,"Hernandez, Malone and Smith","01/11/2020, 00:00:00",193,2023,Fiães,XX-4186-77799,Johnson-Garrett,2
FA,65,6770.20000,APU-12,L1,Stroh,2018/02/19,194,2023,São João da Madeira,EC-1691-55041,Pinto Gaspar S.A.,2
FB,12,13601.40000,APU-12,L1,Roy and Sons,"05/25/2023, 00:00:00",195,2021,Leeberg,TV-1543-16414,"Rivers, Welch and Hood",L
FD,27,10172.90000,APU-12,L4,Johnson-Garrett,2022/12/23,196,2022,Zerbst,HZ-6755-00860,"Barker, Henson and Neal",med
FD,37,27507.20000,XC-7,L5,James PLC,"06/05/2016, 00:00:00",197,2017,Zerbst,XT-5404-98755,Reinhardt,med
FA,67,5326.90000,APU-20,L4,Allen-Ferguson,2015/02/08,198,2023,Ochsenfurt,UV-5967-94177,Pinto Gaspar S.A.,med
FA,119,22540.90000,APU-15,L3,Huhn KGaA,06 Jun 2019,199,2018,Torres Vedras,FT-1785-98669,Hövel Jopich KG,L
FC,97,16295.10000,APU-15,L5,Ribeiro,2019-02-18,200,2020,New Danielshire,CA-2172-54571,Roy and Sons,H
FC,4,41260.50000,APU-15,L4,"Gibbs, Scott and Moore",2017-04-25,201,2013,Trancoso,ED-6900-36039,Huhn KGaA,1
FB,76,5945.90000,XC-7,L5,Hövel Jopich KG,27 Feb 2023,202,2023,Cartaxo,AK-5567-56108,"Barker, Henson and Neal",med
FB,33,39198.50000,APU-20,L1,Teixeira,2022/02/05,203,2013,Caldas da Rainha,ON-0044-57535,Hermighausen Weinhold AG & Co. KG,1
FC,92,4747.70000,APU-15,L6,"Gibbs, Scott and Moore","02/16/2023, 00:00:00",204,2023,Moniqueside,NF-5120-83730,Hermighausen Weinhold AG & Co. KG,H
FE,85,19431.00000,APU-12,L1,Trevino-Turner,"11/19/2020, 00:00:00",205,2019,Gifhorn,CI-8120-91670,James PLC,H
FC,42,14451.20000,APU-20,L1,Rogner KG,2015/02/14,206,2020,West Nicolechester,ZG-8979-28303,Trevino-Turner,med
FC,114,,XC-7,L5,"Hernandez, Malone and Smith",2019/02/13,207,2023,Angelashire,RG-1222-07467,Ribeiro,H
FC,67,10058.80000,APU-12,L3,James PLC,"12/15/2019, 00:00:00",208,2022,Genthin,WX-8652-56427,"Barker, Henson and Neal",med
FD,9,30058.80000,APU-12,L6,Stroh,29 Dec 2016,209,2016,Horta,YP-1898-99624,Zobel,1
FB,24,7020.90000,APU-15,L5,Rogner KG,2020-01-29,210,2022,São João da Madeira,RF-3845-23948,"Hernandez, Malone and Smith", H 
FA,22,9738.30000,APU-12,L1,Trapp Langern OHG mbH,2022/06/12,211,2022,Angermünde,QW-9686-88484,Huhn KGaA,L
FC,41,23641.10000,APU-15,L2,Leal Freitas S/A,06 Aug 2017,212,2018,Gomezberg,KY-5719-78700,Stroh,N
FB,25,11061.90000,APU-20,L2,Huhn KGaA,2017/04/22,213,2021,Angermünde,YK-1427-76830,"Hernandez, Malone and Smith",light
FD,4,7761.00000,XC-7,L5,Hövel Jopich KG,"06/05/2021, 00:00:00",214,2022,Ebersberg,TR-3807-01817,Gutknecht Stiftung & Co. KG,heavy
FC,108,6146.80000,APU-15,L6,Reinhardt,2020/05/27,215,2023,Vila Real,GD-2497-44051,Rädel Löwer AG,heavy
FD,60,28792.80000,APU-12,L4,Trevino-Turner,"02/22/2019, 00:00:00",216,2016,Angelashire,IH-5944-69434,Allen-Ferguson,normal
FA,22,22312.80000,APU-15,L5,"Gibbs, Scott and Moore",03 Sep 2015,217,2018,Caldas da Rainha,WL-7995-20949,Walker Ltd,L
FD,75,15455.90000,XC-7,L2,Christoph GmbH,2024/04/01,218,2020,Loulé,KA-5304-40012,Trevino-Turner,normal
FE,53,9158.40000,APU-12,L2,Mitschke,2022/11/30,219,2022,São Salvador de Lordelo,HW-9877-87338,Johnson-Garrett,L
FB,5,12933.90000,XC-7,L6,Gutknecht Stiftung & Co. KG,08 Jul 2016,220,2021,East Joshuabury,QE-6937-33703,Pinto Gaspar S.A.,heavy
FE,16,,APU-15,L3,Rädel Löwer AG,19 Jan 2019,221,2016,Lake Amy,FZ-7408-16825,Amorim,L
FE,72,9331.10000,APU-12,L6,Trevino-Turner,2017/10/13,222,2022,West Andrewborough,OE-0690-07707,Silva,L
FB,46,27390.10000,XC-7,L2,Hermighausen Weinhold AG & Co. KG,"12/03/2018, 00:00:00",223,2017,Tondela,BH-1118-74405,Stroh,med
FC,9,25301.50000,APU-12,L1,Leal Freitas S/A,"01/31/2024, 00:00:00",224,2017,Bruchsal,OH-5665-75296,"Henson, Walker and Pruitt", light 
FB,34,22124.30000,APU-12,L3,Pinto Gaspar S.A.,30 Oct 2022,225,2018,Angelashire,LU-3495-79552,"Becker, Sanchez and Crawford",L
FB,43,13959.20000,APU-15,L6,Silva,2017-03-13,226,2021,Nürtingen,AW-3665-04346,Amorim,normal
FE,16,13282.00000,APU-20,L2,Kraushaar GbR,2015-04-10,227,2021,Barbarachester,FI-6009-05966,Huhn KGaA,light
FC,8,26620.90000,APU-20,L2,Schenk GmbH,2024-10-22,228,2017,Lourosa,KA-7014-29357,Zobel, L 
FC,20,11289.90000,APU-20,L4,"Henson, Walker and Pruitt",27 Jan 2020,229,2021,Nordhausen,WY-4242-55381,"Henson, Walker and Pruitt", L 
FD,114,17667.80000,APU-15,L6,Reinhardt,"02/09/2016, 00:00:00",230,2019,Moura,DA-9587-27743,Heinrich,heavy
FC,67,6957.10000,APU-20,L6,Rogner KG,29 Oct 2017,231,2023,Guimarães,HF-1572-38880,Gutknecht Stiftung & Co. KG,med
FE,42,24408.40000,XC-7,L4,Silva,2022-11-25,232,2018,Torres Novas,UG-5013-39482,"Rivers, Welch and Hood",2
FA,70,11010.00000,APU-15,L2,"Moore, Kennedy and Berger",2024-12-20,233,2021,Tondela,TH-9284-30299,Faria,2
FC,64,6132.20000,XC-7,L1,"Hernandez, Malone and Smith",2020/10/21,234,2023,Macedo de Cavaleiros,UD-1633-53993,Reinhardt,normal
FD,42,19583.50000,APU-15,L1,Mangold GbR,"01/11/2022, 00:00:00",235,2019,Póvoa de Santa Iria,OK-7660-88413,Stroh,N
FB,104,41493.90000,XC-7,L2,Teixeira,2022-09-23,236,2013,Barbarachester,JD-2442-62369,Allen-Ferguson,L
FA,87,45000.00000,APU-20,L3,Gutknecht Stiftung & Co. KG,"09/18/2016, 00:00:00",237,2012,Horta,FR-5317-88484,Huhn KGaA,med
FC,4,18035.60000,APU-15,L3,Walker Ltd,2020-08-16,238,2019,São Salvador de Lordelo,HC-1681-37555,Kraushaar GbR,L
FD,81,4625.70000,XC-7,L6,Rogner KG,"11/22/2015, 00:00:00",239,2023,South Sabrina,SD-1523-94930,"Hernandez, Malone and Smith",3
FC,60,28159.00000,APU-12,L3,"Barker, Henson and Neal","01/30/2018, 00:00:00",240,2016,Bad Freienwalde,KI-4249-09839,"Barker, Henson and Neal",heavy
FC,4,12252.30000,XC-7,L3,"Moore, Kennedy and Berger","08/09/2016, 00:00:00",241,2021,Schleiz,JI-9507-61015,Silva,1
FA,39,30066.90000,APU-20,L3,"Becker, Sanchez and Crawford",2024-01-06,242,2016,Johnnymouth,PF-2068-85133,Christoph GmbH,1
FD,35,45000.00000,XC-7,L2,"Gibbs, Scott and Moore",2017/05/30,243,2012,Macedo de Cavaleiros,FV-0747-81269,Trevino-Turner, light 
FC,32,13952.10000,APU-20,L5,Ribeiro,24 Jan 2021,244,2021,Regen,OK-6116-23732,Faria,light
FB,17,7713.70000,XC-7,L2,Kraushaar GbR,25 Sep 2023,245,2022,Oranienburg,MF-3548-73946,"Becker, Sanchez and Crawford",1
FE,116,9317.60000,APU-12,L4,Hövel Jopich KG,2023/11/29,246,2022,São Salvador de Lordelo,YN-4136-33572,Walker Ltd,heavy
FE,84,4092.20000,APU-15,L2,Amorim,2015/10/24,247,2023,Biedenkopf,PP-0031-43802,"Hernandez, Malone and Smith",3
FD,94,14175.20000,APU-12,L2,Leal Freitas S/A,2020-06-23,248,2020,Lake Amy,IQ-0899-42801,"Rivers, Welch and Hood",heavy
FC,110,28163.50000,XC-7,L4,"Moore, Kennedy and Berger",2019-12-20,249,2016,Harrisbury,VZ-0469-69941,Teixeira,3
FD,63,11555.50000,APU-15,L5,Huhn KGaA,17 Dec 2016,250,2021,Kusel,RF-2508-18324,"Carter, Kim and Allen",med
FC,82,11252.80000,XC-7,L6,Gutknecht Stiftung & Co. KG,2019/10/20,251,2021,Almada,II-5139-38140,Leal Freitas S/A,L
FC,14,19759.70000,APU-20,L6,Pinto Gaspar S.A.,2020/05/20,252,2019,Horta,TY-3297-35097,Zobel,L
FD,27,7369.00000,APU-12,L5,Huhn KGaA,2017/03/09,253,2022,Guimarães,EI-1861-49880,Mangold GbR,1
FB,106,10111.00000,APU-15,L3,Allen-Ferguson,2017/08/14,254,2022,Angelashire,YO-6713-47497,Allen-Ferguson,H
FA,74,10691.80000,XC-7,L5,Huhn KGaA,2019-11-20,255,2021,Moniqueside,IP-6129-89189,"Gibbs, Scott and Moore",L
FB,8,12395.90000,APU-15,L1,"Hernandez, Malone and Smith",2019/12/19,256,2021,São Salvador de Lordelo,JC-6689-79853,Hofmann Bender GmbH,L
FC,25,12789.90000,APU-20,L2,Stroh,2016-05-30,257,2021,Sacavém,PU-9973-51424,Faria,light
FB,50,30524.70000,APU-12,L1,"Henson, Walker and Pruitt",2021-11-13,258,2016,Johnfort,HR-5845-38435,Roy and Sons,N
FD,20,36696.90000,APU-20,L6,Huhn KGaA,30 Sep 2022,259,2014,South Renee,XT-3569-13679,Leal Freitas S/A,light
FB,89,6566.40000,APU-20,L4,Zobel,2024-05-11,260,2023,Cartaxo,WS-8620-69986,Heinrich,normal
FC,59,9948.90000,APU-20,L1,Silva,2020/11/06,261,2022,São Salvador de Lordelo,ET-0723-73520,"Gibbs, Scott and Moore",med
FC,5,12785.30000,APU-12,L3,Mangold GbR,2022-11-07,262,2021,Zerbst,BA-2108-74109,James PLC,1
FD,46,4874.70000,APU-20,L5,"Moore, Kennedy and Berger","12/25/2023, 00:00:00",263,2023,Moniqueside,MH-6260-49480,Hermighausen Weinhold AG & Co. KG,med
FB,70,10197.40000,XC-7,L4,Hövel Jopich KG,2019/04/10,264,2022,East Joshuabury,AP-4764-74578,Reinhardt,heavy
FC,21,23056.40000,XC-7,L4,Ribeiro,11 Jan 2016,265,2018,Moura,AE-4811-24328,Pinto Gaspar S.A.,normal
FE,115,6851.60000,APU-15,L4,Rädel Löwer AG,10 Jul 2024,266,2023,Gifhorn,LP-9214-62805,Pinto Gaspar S.A.,H
FB,13,36259.00000,APU-20,L3,Gutknecht Stiftung & Co. KG,02 Jul 2018,267,2014,Regen,HB-8095-44916,Allen-Ferguson,1
FD,79,18508.00000,APU-12,L6,Macedo Faria e Filhos,2020/11/13,268,2019,Almada,GL-3225-10381,Hövel Jopich KG,N
FC,28,8430.80000,XC-7,L1,Johnson-Garrett,"03/07/2023, 00:00:00",269,2022,Zerbst,GM-6733-38853,Macedo Faria e Filhos,1
FE,44,23971.20000,APU-20,L1,Rädel Löwer AG,"02/16/2021, 00:00:00",270,2018,Guimarães,GZ-2476-09760,Gutknecht Stiftung & Co. KG,med
FC,67,10196.90000,APU-15,L5,Ribeiro,2021-01-04,271,2022,Torres Novas,HU-1417-25878,"Barker, Henson and Neal",med
FA,71,16409.70000,APU-15,L3,"Barker, Henson and Neal",2017/09/05,272,2020,Harrisbury,HV-4402-64456,Zobel,N
FA,16,23345.40000,APU-15,L6,"Gibbs, Scott and Moore",2018/07/18,273,2018,Biedenkopf,QE-4534-58221,"Moore, Kennedy and Berger",1
FE,38,21840.70000,APU-12,L3,Christoph GmbH,24 Feb 2016,274,2018,Gifhorn,TT-3951-10262,Christoph GmbH, L 
FB,8,11200.60000,APU-15,L3,Ribeiro,"12/18/2024, 00:00:00",275,2021,Kusel,ST-4875-94275,Schenk GmbH,1
FC,28,17010.10000,APU-20,L2,Gutknecht Stiftung & Co. KG,2021/10/13,276,2020,South Renee,RB-0973-29479,Zobel,1
FE,71,5428.10000,APU-12,L2,Hövel Jopich KG,30 Aug 2019,277,2023,Lourosa,EF-0799-64772,Trapp Langern OHG mbH,2
FA,65,25717.00000,APU-12,L5,"Hernandez, Malone and Smith",2023/09/16,278,2017,Naila,ST-4803-81520,Teixeira,N
FE,22,18548.20000,APU-15,L3,Johnson-Garrett,2015-09-20,279,2019,Bruchsal,TS-7437-07849,"Moore, Kennedy and Berger",L
FC,89,10498.50000,APU-20,L4,Rädel Löwer AG,2019-02-21,280,2022,Torres Novas,UK-0839-71266,"Rivers, Welch and Hood",3
FB,105,10530.30000,XC-7,L3,Pinto Gaspar S.A.,2017-05-21,281,2021,Ebersberg,BT-5206-99656,Ribeiro,heavy
FA,6,5784.70000,APU-20,L1,Allen-Ferguson,2024/11/12,282,2023,Tondela,HX-5682-53121,Schenk GmbH,heavy
FA,26,8226.80000,APU-12,L4,Mangold GbR,2023/11/13,283,2022,South Sabrina,RC-6950-91984,Walker Ltd,light
FB,14,8000.60000,APU-15,L6,Huhn KGaA,"08/21/2020, 00:00:00",284,2022,New Danielshire,DW-6152-79452,Hövel Jopich KG,1
FA,15,3740.80000,APU-20,L6,Pinto Gaspar S.A.,07 Jan 2020,285,2023,Schleiz,ZO-7968-55821,Allen-Ferguson,light
FA,38,8746.90000,APU-15,L5,"Rivers, Welch and Hood",2019-08-20,286,2022,Gifhorn,RO-1474-17920,Faria,L
FA,68,11119.30000,APU-15,L6,Macedo Faria e Filhos,2022-11-09,287,2021,Trancoso,MR-2027-47594,"Gibbs, Scott and Moore",L
FD,11,9279.70000,XC-7,L5,Reinhardt,26 May 2021,288,2022,Chaves,HV-4409-75009,Heinrich,light
FB,111,10418.30000,APU-15,L4,Mangold GbR,25 Jan 2022,289,2022,Nordhausen,IM-5658-38441,Christoph GmbH,3
FB,115,10004.00000,XC-7,L3,Johnson-Garrett,2017-09-17,290,2022,Nordhausen,HP-0778-76782,"Becker, Sanchez and Crawford",H
FD,54,5865.60000,APU-15,L1,Trevino-Turner,20 Feb 2017,291,2023,Zerbst,IQ-0596-52534,Trevino-Turner,med
FD,116,17659.80000,XC-7,L3,Reinhardt,"02/18/2023, 00:00:00",292,2019,Leeberg,NL-5927-75212,Hermighausen Weinhold AG & Co. KG,H
FC,44,7285.20000,XC-7,L3,Pinho Lopes Lda.,"09/19/2015, 00:00:00",293,2022,Biedenkopf,PP-2363-47747,"Gibbs, Scott and Moore",normal
FA,67,15638.80000,XC-7,L6,Pinto Gaspar S.A.,"11/18/2022, 00:00:00",294,2020,Barbarachester,FC-8113-19058,Johnson-Garrett,N
FD,49,6271.40000,XC-7,L5,Macedo Faria e Filhos,"11/04/2024, 00:00:00",295,2023,Port Alanside,VC-3247-18905,Leal Freitas S/A,light
FE,32,9787.80000,APU-12,L1,Ribeiro,"02/15/2019, 00:00:00",296,2022,Barbarachester,YR-7478-82935,Christoph GmbH,L
FC,117,31130.80000,APU-15,L5,Hövel Jopich KG,22 Jun 2024,297,2016,São João da Madeira,TV-3755-13676,Walker Ltd,N
FB,5,15723.90000,XC-7,L1,Hofmann Bender GmbH,2020-12-30,298,2020,Ochsenfurt,WV-5182-30935,Hermighausen Weinhold AG & Co. KG,light
FB,81,5960.40000,APU-20,L2,Trevino-Turner,"01/28/2023, 00:00:00",299,2023,Klötze,EQ-0727-63739,Roy and Sons,3
FC,101,14866.40000,APU-15,L5,Allen-Ferguson,2024-03-18,300,2020,Harrisbury,CX-8151-07327,Reinhardt, 1 
FD,67,10912.50000,APU-20,L1,James PLC,02 Apr 2016,301,2021,Póvoa de Santa Iria,TM-5387-60703,Huhn KGaA,med
FD,60,3169.40000,APU-12,L1,Christoph GmbH,"04/20/2018, 00:00:00",302,2024,Nordhausen,FR-4795-89008,Stroh,normal
FD,106,20547.10000,APU-15,L3,Reinhardt,2020/03/22,303,2019,Nürtingen,AO-0216-11591,Hermighausen Weinhold AG & Co. KG, N 
FA,43,7610.20000,APU-12,L2,Reinhardt,"10/26/2017, 00:00:00",304,2022,Almada,LR-5171-17412,Gutknecht Stiftung & Co. KG,2
FC,91,4784.10000,APU-15,L2,Rogner KG,03 Dec 2016,305,2023,Biedenkopf,TK-4149-15276,"Henson, Walker and Pruitt",heavy
FB,92,45000.00000,APU-12,L4,Ribeiro,03 Mar 2017,306,2012,Barbarachester,YJ-0465-23503,"Moore, Kennedy and Berger",3
FD,54,9324.10000,APU-20,L4,Rogner KG,"01/23/2019, 00:00:00",307,2022,Torres Novas,NP-4654-60523,"Hernandez, Malone and Smith",normal
FB,111,19088.60000,APU-20,L5,Faria,03 Apr 2017,308,2019,Hensleyville,QS-3196-10035,Mitschke,3
FB,61,8435.70000,APU-20,L4,"Becker, Sanchez and Crawford",05 Oct 2018,309,2022,Caldas da Rainha,CF-0797-63497,Hövel Jopich KG,N
FC,71,7609.70000,APU-15,L5,Walker Ltd,"09/06/2018, 00:00:00",310,2022,Moniqueside,SL-6103-64359,"Barker, Henson and Neal",normal
FE,52,10936.20000,APU-12,L5,Heinrich,2024/05/06,311,2021,Torres Novas,WF-6384-88593,Huhn KGaA,N
FD,57,28087.00000,XC-7,L4,Allen-Ferguson,27 Jul 2024,312,2016,Ochsenfurt,GQ-6109-54304,"Barker, Henson and Neal",normal
FE,38,12024.40000,APU-20,L3,Zobel,2020-08-06,313,2021,São Salvador de Lordelo,SY-1941-51399,Huhn KGaA,1
FA,42,,APU-20,L3,Trapp Langern OHG mbH,"01/05/2019, 00:00:00",314,2012,Johnnymouth,NP-7935-95823,Mitschke,2
FC,98,19857.10000,APU-12,L6,Walker Ltd,2023/05/24,315,2019,Hensleyville,VU-7047-21090,"Henson, Walker and Pruitt",L
FE,23,5867.30000,APU-15,L5,"Henson, Walker and Pruitt",2023-01-21,316,2023,Moniqueside,IR-9315-08120,Hofmann Bender GmbH,light
FD,9,34843.90000,XC-7,L4,Trapp Langern OHG mbH,30 Dec 2018,317,2015,Ebersberg,GS-6604-03512,"Hernandez, Malone and Smith",L
FE,78,7685.10000,APU-12,L2,Allen-Ferguson,"09/02/2016, 00:00:00",318,2022,São João da Madeira,PS-4066-16971,"Becker, Sanchez and Crawford",2
FA,98,1871.20000,APU-15,L5,Pinho Lopes Lda.,2022/05/24,319,2024,Lake Amy,OC-3967-90036,Stroh,3
FD,8,,APU-15,L1,"Gibbs, Scott and Moore",18 Feb 2020,320,2020,Johnfort,MR-3650-22828,Johnson-Garrett,N
FC,20,5634.40000,XC-7,L6,Allen-Ferguson,"02/26/2018, 00:00:00",321,2023,Biedenkopf,UJ-8798-38157,Pinto Gaspar S.A.,heavy
FC,76,45000.00000,APU-12,L2,Allen-Ferguson,2015-06-29,322,2012,Youngfort,JL-1534-88986,Walker Ltd,N
FD,67,6076.00000,APU-15,L3,"Moore, Kennedy and Berger",2023/12/06,323,2023,Cartaxo,CC-7097-42740,Reinhardt,2
FA,116,36991.80000,APU-15,L1,Huhn KGaA,"12/24/2017, 00:00:00",324,2014,Angermünde,IY-2119-28654,Teixeira, 3 
FB,0,6547.70000,APU-15,L2,Mitschke,2018-10-19,325,2023,South Renee,XP-6662-32662,Rädel Löwer AG,L
FB,29,17040.70000,APU-12,L4,Rogner KG,"05/05/2019, 00:00:00",326,2020,West Nicolechester,UF-7503-40998,Trapp Langern OHG mbH,1
FB,55,21086.50000,XC-7,L1,Schenk GmbH,2017/12/27,327,2018,South Sabrina,IW-2226-55094,Mangold GbR,N
FD,59,23446.30000,APU-15,L3,Faria,2018/10/08,328,2018,São João da Madeira,BP-0875-35964,Heinrich,med
FE,12,16336.00000,APU-15,L2,Hermighausen Weinhold AG & Co. KG,2024-05-05,329,2020,Cartaxo,SY-5693-93825,Macedo Faria e Filhos,L
FE,88,5367.10000,APU-15,L3,Mitschke,"06/03/2023, 00:00:00",330,2023,Klötze,FB-0508-08686,Gutknecht Stiftung & Co. KG,3
FA,53,12716.10000,XC-7,L4,Ribeiro,2022-07-29,331,2021,Torres Novas,WZ-5848-99636,Johnson-Garrett,1
FD,59,,APU-15,L6,Rogner KG,21 Dec 2017,332,2020,East Joshuabury,AH-9545-04181,Allen-Ferguson,2
FD,97,9492.80000,XC-7,L4,"Carter, Kim and Allen",2024-05-29,333,2022,São João da Madeira,RA-2560-58990,"Henson, Walker and Pruitt",heavy
FD,39,3747.90000,APU-20,L6,Leal Freitas S/A,03 Nov 2019,334,2023,West Andrewborough,BW-8554-84393,"Rivers, Welch and Hood",normal
FB,26,11070.20000,XC-7,L6,"Becker, Sanchez and Crawford",2021/09/07,335,2021,Almada,FM-9245-59912,Huhn KGaA,light
FC,75,6489.10000,XC-7,L2,Allen-Ferguson,2024/09/23,336,2023,Naila,BH-9723-71344,"Gibbs, Scott and Moore", 2 
FB,51,12410.70000,XC-7,L3,Walker Ltd,01 Nov 2023,337,2021,Port Alanside,HZ-6088-88556,Hermighausen Weinhold AG & Co. KG,L
FB,101,3259.20000,APU-12,L3,Rogner KG,2023/05/29,338,2024,Angelashire,TX-6826-52793,Christoph GmbH,1
FD,18,7890.60000,XC-7,L3,Christoph GmbH,2021/04/19,339,2022,Nordhausen,BH-5500-78379,Faria,N
FE,117,6011.60000,APU-20,L6,Silva,2022/02/17,340,2023,Barbarachester,GN-6404-56264,"Henson, Walker and Pruitt",med
FC,56,13334.20000,APU-15,L5,James PLC,2020/06/01,341,2021,Port Alanside,WD-8324-54772,Faria,N
FE,109,30684.50000,APU-15,L1,Hermighausen Weinhold AG & Co. KG,08 Mar 2020,342,2016,Quarteira,PG-8903-31338,Schenk GmbH,H
FB,80,24470.40000,APU-15,L4,Schenk GmbH,"07/12/2015, 00:00:00",343,2018,Nürtingen,MD-1641-33364,"Moore, Kennedy and Berger",light
FD,42,30696.60000,XC-7,L4,Stroh,31 Jul 2017,344,2016,Caldas da Rainha,KC-4662-33764,"Rivers, Welch and Hood",med
FE,3,12094.10000,APU-15,L6,Hövel Jopich KG,2020/06/29,345,2021,Loulé,OG-7764-41208,"Moore, Kennedy and Berger",L
FD,95,7556.50000,APU-15,L1,Hofmann Bender GmbH,2021/07/22,346,2022,Hensleyville,KJ-9336-62008,Heinrich, heavy 
FD,19,16600.60000,APU-20,L4,Ribeiro,2019/07/21,347,2020,Klötze,EP-5702-51979,"Barker, Henson and Neal",1
FD,62,18270.20000,XC-7,L1,Heinrich,13 Jan 2019,348,2019,Leeberg,XT-4927-81065,Ribeiro,normal
FD,2,27288.10000,APU-20,L5,"Carter, Kim and Allen",2017-12-22,349,2017,Tondela,CN-2166-11170,Rädel Löwer AG,L
FD,23,6758.70000,APU-20,L3,Allen-Ferguson,2019-05-31,350,2023,Christinehaven,FB-1903-42806,Pinto Gaspar S.A.,L
FC,97,18404.90000,APU-15,L5,Pinto Gaspar S.A.,09 Jun 2015,351,2019,Angermünde,UJ-1991-97467,Huhn KGaA,N
FB,97,16174.80000,APU-20,L1,Stroh,2021/04/14,352,2020,South Renee,RR-4254-65835,"Henson, Walker and Pruitt",3
FB,111,13139.20000,APU-12,L4,Johnson-Garrett,"01/12/2022, 00:00:00",353,2021,Christinehaven,BC-5715-60258,Kraushaar GbR,med
FE,9,14594.70000,APU-12,L1,Roy and Sons,2017/07/16,354,2020,Vila Real,PV-2582-53769,Roy and Sons,1
FD,86,13644.30000,APU-20,L3,Roy and Sons,06 Sep 2022,355,2021,Biedenkopf,OZ-7864-54813,Gutknecht Stiftung & Co. KG,H
FC,62,16785.40000,APU-20,L3,Trapp Langern OHG mbH,2023/07/15,356,2020,West Nicolechester,NB-9804-22991,Ribeiro,N
FC,7,7598.90000,APU-15,L5,Zobel,2019-04-10,357,2022,Johnnymouth,YA-4097-42526,Ribeiro,light
FE,21,26610.60000,APU-12,L4,"Becker, Sanchez and Crawford",2021/09/28,358,2017,Biedenkopf,GT-2428-10231,Leal Freitas S/A,1
FC,4,,APU-12,L2,"Becker, Sanchez and Crawford","04/30/2020, 00:00:00",359,2022,Biedenkopf,PJ-5740-18053,James PLC,3
FC,85,15645.00000,XC-7,L2,Leal Freitas S/A,"05/10/2023, 00:00:00",360,2020,Almada,ZZ-3953-51849,Macedo Faria e Filhos,H
FE,104,13476.50000,APU-12,L2,Trapp Langern OHG mbH,2022-03-20,361,2021,Cartaxo,OO-0782-93920,Leal Freitas S/A,H
FB,71,10065.40000,APU-12,L2,Heinrich,2020-02-06,362,2022,Fiães,RW-9890-35368,Gutknecht Stiftung & Co. KG,med
FE,69,24359.10000,XC-7,L3,"Barker, Henson and Neal",2016-09-29,363,2018,Schleiz,EN-2772-49873,"Hernandez, Malone and Smith",N
FD,14,10529.80000,APU-20,L1,"Hernandez, Malone and Smith",2017-09-30,364,2021,Vila Real,UB-0295-31636,Pinho Lopes Lda.,1
FC,117,4363.10000,XC-7,L5,Ribeiro,25 Aug 2017,365,2023,Zerbst,SX-1497-63942,Kraushaar GbR,normal
FD,103,20236.30000,APU-15,L3,James PLC,2021/10/04,366,2019,Angelashire,UH-4655-61205,Allen-Ferguson,H
FC,29,5141.50000,APU-12,L4,Teixeira,2015-08-22,367,2023,New Danielshire,LT-0532-26814,"Rivers, Welch and Hood", med 
FA,52,,APU-12,L2,Stroh,"05/01/2024, 00:00:00",368,2012,Naila,BF-7325-71990,Johnson-Garrett,N
FD,34,9114.40000,APU-12,L3,Allen-Ferguson,2016/09/10,369,2022,Barbarachester,IG-9224-20356,Trevino-Turner,L
FC,101,5338.10000,APU-12,L2,Huhn KGaA,2019-05-09,370,2023,Chaves,PI-8021-84885,Trapp Langern OHG mbH, H 
FA,28,16375.40000,APU-15,L6,Christoph GmbH,2022-01-18,371,2020,São Salvador de Lordelo,UH-2401-40082,Trapp Langern OHG mbH,1
FE,61,31860.00000,APU-20,L3,Zobel,2020/05/06,372,2015,Nordhausen,IG-8795-69058,Stroh,med
FC,105,20628.50000,APU-12,L2,Roy and Sons,"04/01/2024, 00:00:00",373,2019,Johnfort,WC-3771-23815,Rogner KG,H
FE,22,9482.40000,APU-15,L4,Christoph GmbH,2018/07/23,374,2022,Cartaxo,TG-9418-95430,Pinho Lopes Lda.,L
FC,53,16337.90000,APU-12,L3,Hövel Jopich KG,28 Mar 2016,375,2020,Johnnymouth,TM-0550-29051,Stroh,med
FB,51,13639.50000,APU-12,L4,Faria,2022-08-29,376,2021,Tondela,ZL-5368-95882,Christoph GmbH,normal
FD,78,5379.10000,APU-20,L3,"Barker, Henson and Neal",2020/09/14,377,2023,Vila Real,ZC-0578-58453,Mangold GbR,2
FD,62,6943.30000,APU-15,L2,Rogner KG,2022-11-15,378,2023,Angermünde,HL-6737-19829,Trapp Langern OHG mbH,med
FA,45,9149.40000,XC-7,L6,Hövel Jopich KG,"04/11/2016, 00:00:00",379,2022,Vila Real,RF-9515-86970,Hövel Jopich KG,heavy
FD,77,15408.80000,APU-20,L1,"Rivers, Welch and Hood",2020-01-12,380,2020,Nürtingen,EG-0727-22088,Rogner KG,med
FD,14,32038.50000,APU-12,L6,Faria,03 Aug 2022,381,2015,South Renee,LT-6524-92973,Rädel Löwer AG,1
FB,65,2977.00000,APU-20,L3,Johnson-Garrett,08 Jun 2024,382,2024,Cartaxo,MA-9577-29762,Huhn KGaA,normal
FE,57,9856.10000,APU-20,L4,Schenk GmbH,11 Oct 2015,383,2022,Cartaxo,JY-5981-40252,"Barker, Henson and Neal",2
FE,21,,APU-12,L6,Stroh,2020/04/01,384,2021,New Danielshire,PK-9275-06705,Silva,L
FE,94,19763.90000,APU-15,L4,Heinrich,"10/07/2024, 00:00:00",385,2019,Póvoa de Santa Iria,PK-3989-59295,Pinto Gaspar S.A.,heavy
FA,35,45000.00000,APU-20,L1,Pinho Lopes Lda.,2018-02-09,386,2012,West Nicolechester,SM-7300-74203,Walker Ltd,1
FD,20,6550.70000,XC-7,L1,Teixeira,2016-06-06,387,2023,Caldas da Rainha,LR-5866-59975,Reinhardt,1
FA,38,14593.30000,XC-7,L2,Stroh,2017/10/09,388,2020,São João da Madeira,MR-9077-32292,Johnson-Garrett,light
FE,43,4306.40000,APU-15,L2,Teixeira,2021-12-10,389,2023,Hensleyville,ZQ-7324-22015,Gutknecht Stiftung & Co. KG,med
FD,60,8751.00000,APU-12,L5,Stroh,2022-04-26,390,2022,Póvoa de Santa Iria,EY-8292-22940,Amorim,N
FD,112,24334.90000,APU-12,L6,Reinhardt,2023-05-30,391,2018,Bad Freienwalde,RE-0905-67078,"Gibbs, Scott and Moore", heavy 
FC,38,9440.60000,APU-12,L1,Stroh,21 Jan 2015,392,2022,Ebersberg,GR-2482-09934,Christoph GmbH,L
FA,59,21768.20000,APU-20,L1,Trapp Langern OHG mbH,2020-06-04,393,2018,Gifhorn,AO-3596-18362,"Rivers, Welch and Hood",N
FE,3,29383.60000,APU-15,L6,Pinho Lopes Lda.,04 Aug 2016,394,2016,Klötze,BE-1552-86156,Stroh,L
FB,62,5073.10000,APU-15,L3,"Barker, Henson and Neal",17 Nov 2017,395,2023,Leeberg,MR-9384-10823,Hermighausen Weinhold AG & Co. KG,med
FA,72,14235.30000,APU-15,L5,Reinhardt,"03/22/2024, 00:00:00",396,2020,Horta,FT-6547-49484,Schenk GmbH,normal
FB,96,13800.70000,APU-15,L3,Trevino-Turner,"01/19/2023, 00:00:00",397,2021,Harrisbury,HU-7617-29582,Johnson-Garrett,3
FC,93,45000.00000,APU-15,L1,"Moore, Kennedy and Berger",2017/10/12,398,2012,Port Alanside,RU-8740-45396,Silva,H
FE,5,14220.40000,APU-15,L3,Trapp Langern OHG mbH,"11/03/2023, 00:00:00",399,2020,Vila Real,MG-2665-60176,Walker Ltd, light 
FE,93,11402.40000,APU-15,L5,Schenk GmbH,2019-04-01,400,2021,East Joshuabury,XR-7801-74521,Pinho Lopes Lda.,L
FA,110,10479.90000,APU-20,L5,Trapp Langern OHG mbH,2020/06/17,401,2022,Bad Freienwalde,IC-4106-39835,Gutknecht Stiftung & Co. KG,1
FE,92,12035.10000,XC-7,L1,Hermighausen Weinhold AG & Co. KG,"09/28/2018, 00:00:00",402,2021,Naila,DH-0398-28527,Johnson-Garrett,med
FA,29,11187.20000,XC-7,L5,Hofmann Bender GmbH,2023/02/11,403,2021,Nürtingen,AW-3023-62821,James PLC,light
FD,108,11755.20000,XC-7,L4,Silva,04 Jan 2021,404,2021,Quarteira,PW-9206-46081,Kraushaar GbR,H
FA,112,27414.70000,XC-7,L5,Heinrich,2020-12-12,405,2017,Port Alanside,QL-9575-05395,James PLC,L
FA,78,9678.30000,APU-15,L4,Leal Freitas S/A,10 Sep 2021,406,2022,West Andrewborough,BU-3683-68301,Faria,N
FC,49,7543.70000,APU-12,L6,Rogner KG,2023/08/01,407,2022,Caldas da Rainha,JI-5112-98383,Hövel Jopich KG,med
FA,105,,XC-7,L3,Mitschke,2022/08/25,408,2021,Zerbst,LM-1235-68263,Stroh,3
FE,36,7295.20000,XC-7,L5,Christoph GmbH,11 Dec 2018,409,2022,Schleiz,HO-7121-87227,Christoph GmbH,light
FD,29,3259.80000,APU-20,L4,Pinho Lopes Lda.,"07/20/2024, 00:00:00",410,2024,South Sabrina,FD-7085-14899,Mangold GbR,1
FC,29,38722.10000,XC-7,L3,Ribeiro,2023/10/19,411,2013,Tondela,ZS-7947-93240,James PLC,L
FA,6,16672.30000,APU-20,L4,Reinhardt,"03/18/2024, 00:00:00",412,2020,Moniqueside,UG-0586-53170,Mangold GbR,L
FE,75,2668.80000,APU-12,L3,Johnson-Garrett,"03/22/2016, 00:00:00",413,2024,Caldas da Rainha,XM-3936-47404,Faria,med
FD,77,14075.20000,APU-20,L3,"Gibbs, Scott and Moore",04 May 2016,414,2020,West Andrewborough,AT-9933-74820,Pinto Gaspar S.A.,1
FB,49,10953.80000,APU-15,L5,Amorim,2020/07/10,415,2021,Genthin,CN-6601-97577,Silva,2
FB,27,16264.50000,APU-20,L6,Roy and Sons,2022/08/12,416,2020,Schleiz,AR-3537-36875,Rogner KG,1
FC,115,6714.00000,APU-12,L4,Leal Freitas S/A,2016-11-05,417,2023,Zerbst,GW-2970-17180,"Henson, Walker and Pruitt",L
FB,6,14763.10000,APU-15,L5,Hofmann Bender GmbH,2024-01-04,418,2020,Lake Amy,SJ-7252-97668,Johnson-Garrett,light
FB,40,10720.30000,XC-7,L4,Pinto Gaspar S.A.,31 Jul 2019,419,2021,Nürtingen,EX-2835-53645,Mitschke,N
FD,60,21072.00000,APU-15,L3,Roy and Sons,"06/12/2018, 00:00:00",420,2018,Moura,IB-1624-08156,Gutknecht Stiftung & Co. KG,normal
FE,82,9179.40000,APU-12,L3,"Rivers, Welch and Hood",2018/04/10,421,2022,São João da Madeira,DT-5952-74777,Johnson-Garrett,3
FD,32,45000.00000,APU-15,L4,James PLC,2024/09/24,422,2012,Torres Novas,XJ-4878-69029,Hermighausen Weinhold AG & Co. KG,light
FA,35,13677.30000,APU-20,L4,"Henson, Walker and Pruitt",2021/07/01,423,2021,South Sabrina,PT-7644-20897,Zobel,light
FC,40,31317.60000,APU-15,L1,Pinho Lopes Lda.,2015/10/29,424,2016,Sacavém,KQ-9412-23444,Huhn KGaA,light
FD,30,8932.40000,XC-7,L3,Allen-Ferguson,"02/17/2015, 00:00:00",425,2022,Lourosa,DM-9232-24112,Heinrich, 2 
FD,37,13840.10000,APU-20,L4,Hövel Jopich KG,15 Jun 2019,426,2021,Hensleyville,VE-8831-33782,Pinto Gaspar S.A.,N
FA,36,21957.60000,APU-12,L3,Faria,2017-06-21,427,2018,Lake Amy,BU-6025-98331,"Carter, Kim and Allen",L
FB,6,6119.00000,APU-15,L2,Pinto Gaspar S.A.,14 Nov 2020,428,2023,Bad Freienwalde,PQ-9424-70909,James PLC,light
FC,33,,APU-20,L5,"Barker, Henson and Neal",2019/03/23,429,2020,Barbarachester,TZ-9578-49734,Huhn KGaA,L
FA,72,18939.00000,XC-7,L5,"Becker, Sanchez and Crawford","05/14/2020, 00:00:00",430,2019,Leeberg,HX-0338-10930,Trapp Langern OHG mbH,N
FE,17,16341.90000,APU-15,L3,Rogner KG,2018-12-07,431,2020,Schleiz,FI-5358-78036,"Moore, Kennedy and Berger", L 
FB,63,10816.60000,APU-12,L2,"Barker, Henson and Neal",2016-06-07,432,2021,Oranienburg,HA-2784-81671,James PLC,med
FA,53,4855.30000,APU-12,L1,Hofmann Bender GmbH,17 Sep 2015,433,2023,Angelashire,SQ-2067-68163,Rädel Löwer AG,normal
FE,26,9687.20000,APU-12,L1,Walker Ltd,2022/10/28,434,2022,New Danielshire,HW-7279-71902,James PLC,L
FA,27,6366.50000,APU-12,L2,"Rivers, Welch and Hood",22 Apr 2023,435,2023,Ochsenfurt,BL-0670-18930,Mangold GbR,3
FD,56,6323.70000,APU-20,L3,"Moore, Kennedy and Berger",2022/06/28,436,2023,Ebersberg,LM-9237-16786,Allen-Ferguson,L
FB,63,14554.10000,APU-15,L5,"Gibbs, Scott and Moore","11/04/2020, 00:00:00",437,2020,São Salvador de Lordelo,DV-1510-83283,Mangold GbR,med
FA,108,8765.30000,XC-7,L4,Gutknecht Stiftung & Co. KG,28 Apr 2019,438,2022,Zerbst,YR-3771-49223,"Gibbs, Scott and Moore",3
FD,102,23526.10000,APU-20,L3,Johnson-Garrett,2016-07-18,439,2018,Nordhausen,HE-4538-17437,Allen-Ferguson,3
FE,89,12434.50000,APU-12,L3,Stroh,2024/12/17,440,2021,Trancoso,FV-1312-55035,Trapp Langern OHG mbH,heavy
FE,27,16066.00000,APU-12,L6,Johnson-Garrett,14 Nov 2019,441,2020,Harrisbury,UP-1557-46348,Schenk GmbH,light
FA,45,8168.10000,APU-12,L5,Amorim,06 Jun 2017,442,2022,Genthin,BR-4264-34544,Huhn KGaA,heavy
FC,38,9049.60000,APU-15,L5,Heinrich,2018-03-21,443,2022,Gifhorn,KI-4182-75787,"Carter, Kim and Allen",N
FB,75,5468.70000,APU-20,L3,"Carter, Kim and Allen",09 May 2015,444,2023,Póvoa de Santa Iria,UP-1645-93501,Schenk GmbH,N
FD,49,7527.70000,APU-20,L1,Hofmann Bender GmbH,05 Sep 2018,445,2022,Barbarachester,HO-7571-87875,Mangold GbR, med 
FC,64,15438.80000,APU-15,L2,"Rivers, Welch and Hood",2016-06-01,446,2020,West Nicolechester,UB-2717-44015,Stroh,2
FB,15,24116.60000,APU-12,L2,Huhn KGaA,2017-03-03,447,2018,Bruchsal,KI-5076-02736,Pinto Gaspar S.A.,light
FB,0,7260.80000,APU-20,L4,"Carter, Kim and Allen",2022-11-08,448,2022,Kusel,VF-2500-33795,Walker Ltd,3
FA,45,21648.70000,APU-12,L6,Mangold GbR,2021-09-05,449,2018,East Joshuabury,QP-6729-78587,"Henson, Walker and Pruitt", med 
FB,10,5637.10000,APU-12,L1,Heinrich,"05/25/2021, 00:00:00",450,2023,Schleiz,HA-0375-92299,"Becker, Sanchez and Crawford",2
FC,44,4844.60000,APU-12,L1,Ribeiro,2019/09/15,451,2023,Biedenkopf,BL-9026-63484,"Becker, Sanchez and Crawford",2
FE,21,20675.70000,XC-7,L5,"Hernandez, Malone and Smith",05 Apr 2022,452,2019,New Danielshire,EX-2139-36466,Hofmann Bender GmbH,1
FA,55,10861.30000,APU-20,L2,Ribeiro,10 Nov 2021,453,2021,Lourosa,JX-1051-18929,Ribeiro,N
FA,2,8113.10000,APU-15,L5,Schenk GmbH,2022-12-28,454,2022,Guimarães,ZO-2573-94240,"Carter, Kim and Allen",1
FC,97,15971.90000,APU-12,L5,Hövel Jopich KG,23 Jan 2020,455,2020,Póvoa de Santa Iria,YK-2304-10396,"Becker, Sanchez and Crawford",heavy
FE,20,8038.60000,APU-12,L5,Walker Ltd,2017/02/09,456,2022,Zerbst,PZ-5945-53288,Mangold GbR,1
FB,114,18549.10000,APU-20,L1,Faria,2019/07/03,457,2019,Torres Vedras,ZX-8249-90795,Amorim,heavy
FB,14,19601.10000,APU-20,L4,Kraushaar GbR,2023-02-05,458,2019,Christinehaven,XE-1461-40833,Ribeiro,light
FD,43,17820.60000,APU-15,L2,Gutknecht Stiftung & Co. KG,2019-01-09,459,2019,Angermünde,HL-6944-48309,Reinhardt,3
FD,35,5381.50000,APU-12,L4,Walker Ltd,2023/09/16,460,2023,Torres Novas,NX-0939-53310,Roy and Sons,L
FC,20,11032.90000,APU-20,L2,Kraushaar GbR,02 Apr 2018,461,2021,Regen,CR-4246-63894,Roy and Sons,L
FB,69,7364.90000,XC-7,L6,Pinto Gaspar S.A.,2024-12-12,462,2022,Caldas da Rainha,KB-2017-11476,Gutknecht Stiftung & Co. KG,N
FE,47,18009.20000,APU-20,L3,Heinrich,2019/07/23,463,2019,New Danielshire,EI-0871-62785,James PLC,N
FB,101,12955.00000,APU-20,L3,"Gibbs, Scott and Moore","11/02/2024, 00:00:00",464,2021,Biedenkopf,RA-9572-87656,Heinrich,heavy
FA,86,7207.00000,APU-15,L5,"Gibbs, Scott and Moore","03/07/2017, 00:00:00",465,2022,Cartaxo,AL-4672-93492,Hövel Jopich KG,light
FC,116,9520.20000,APU-15,L3,Silva,2016/02/16,466,2022,Johnnymouth,DN-4893-16785,"Carter, Kim and Allen",H
FE,26,6565.50000,APU-20,L2,Trevino-Turner,2022-08-07,467,2023,Chaves,KV-0346-85705,"Rivers, Welch and Hood",light
FB,18,9555.80000,APU-20,L3,"Henson, Walker and Pruitt",25 Mar 2017,468,2022,Póvoa de Santa Iria,PJ-6924-66999,"Becker, Sanchez and Crawford", 1 
FE,36,5840.10000,APU-12,L1,Zobel,20 Aug 2020,469,2023,Youngfort,HI-5330-85458,Pinho Lopes Lda.,normal
FA,4,4382.60000,XC-7,L6,Hermighausen Weinhold AG & Co. KG,2021-01-31,470,2023,Angermünde,HF-8645-73378,"Moore, Kennedy and Berger", light 
FB,64,16440.70000,APU-15,L6,Schenk GmbH,13 May 2015,471,2020,East Joshuabury,MM-3134-02448,Hövel Jopich KG, normal 
FA,46,9133.30000,APU-20,L1,Mangold GbR,"02/23/2022, 00:00:00",472,2022,Nordhausen,BH-8960-54879,Stroh,med
FD,21,6667.90000,APU-15,L2,"Henson, Walker and Pruitt","12/21/2017, 00:00:00",473,2023,Lourosa,YH-3017-56831,Macedo Faria e Filhos,1
FC,3,6181.20000,APU-15,L1,Pinto Gaspar S.A.,"04/21/2024, 00:00:00",474,2023,Port Alanside,OQ-3328-52636,Stroh,1
FE,44,8389.30000,APU-15,L5,Heinrich,2021/05/16,475,2022,Cartaxo,KG-5008-96987,Leal Freitas S/A,normal
FA,116,8510.10000,APU-20,L5,Gutknecht Stiftung & Co. KG,"01/31/2017, 00:00:00",476,2022,Zerbst,HM-0399-89933,Trevino-Turner,H
FC,76,5061.20000,APU-20,L4,Pinto Gaspar S.A.,2021-08-27,477,2023,Kusel,SD-1259-16090,Rogner KG,heavy
FD,38,5433.70000,APU-12,L6,Roy and Sons,2022-02-21,478,2023,Macedo de Cavaleiros,WU-5318-37072,Huhn KGaA,med
FD,92,9623.20000,APU-12,L5,Trevino-Turner,2019/12/10,479,2022,Angermünde,WD-6859-30719,Reinhardt,heavy
FB,23,14171.90000,XC-7,L5,Trevino-Turner,2024/06/29,480,2020,São Salvador de Lordelo,CY-4060-01794,Rogner KG,N
FE,11,10317.00000,APU-12,L3,Hermighausen Weinhold AG & Co. KG,2023/09/02,481,2022,Quarteira,HG-1872-32227,"Barker, Henson and Neal",1
FA,61,13583.50000,APU-20,L3,Stroh,"11/25/2016, 00:00:00",482,2021,Tondela,SG-1721-11631,Silva,2
FA,7,15744.90000,APU-20,L4,"Hernandez, Malone and Smith",2018-03-16,483,2020,Johnfort,KT-8809-74281,Rädel Löwer AG,L
FD,77,10077.40000,APU-20,L2,Roy and Sons,2019-02-11,484,2022,São Salvador de Lordelo,SU-8167-95201,Trapp Langern OHG mbH,light
FB,108,15260.10000,XC-7,L6,James PLC,2023/02/11,485,2020,Fiães,BN-0125-59862,"Hernandez, Malone and Smith",light
FC,66,6704.10000,XC-7,L6,Pinho Lopes Lda.,"03/20/2015, 00:00:00",486,2023,Kusel,XE-1545-19722,Kraushaar GbR,normal
FA,116,16748.40000,APU-15,L3,Kraushaar GbR,2016/06/01,487,2020,Moura,WP-6050-24066,Trapp Langern OHG mbH,N
FD,20,29716.50000,APU-20,L3,"Carter, Kim and Allen",11 Oct 2023,488,2016,Port Alanside,UF-8340-95130,Stroh,1
FE,0,12364.80000,XC-7,L6,Ribeiro,2021-04-22,489,2021,Caldas da Rainha,JS-4037-44087,Allen-Ferguson,L
FE,80,11520.30000,XC-7,L1,Pinho Lopes Lda.,03 Oct 2023,490,2021,Caldas da Rainha,IN-4713-84895,"Carter, Kim and Allen",3
FC,54,6562.00000,APU-15,L2,"Becker, Sanchez and Crawford",2022/08/23,491,2023,Moura,BG-9128-29478,Reinhardt,normal
FA,35,11399.90000,XC-7,L4,James PLC,21 Jan 2018,492,2021,Gomezberg,DC-1680-98473,Trapp Langern OHG mbH,L
FC,30,11085.60000,APU-15,L1,Reinhardt,2022-04-26,493,2021,Zerbst,VO-2162-15810,"Gibbs, Scott and Moore",1
FA,29,20390.20000,APU-20,L1,"Becker, Sanchez and Crawford",15 May 2024,494,2019,Horta,CY-3334-48093,Trevino-Turner,1
FD,106,5524.80000,APU-20,L5,Roy and Sons,28 Aug 2016,495,2023,Port Alanside,AO-9939-26164,Teixeira,H
FE,10,8504.10000,XC-7,L2,Mangold GbR,19 Oct 2019,496,2022,Gomezberg,OS-9189-55978,Faria,1
FD,16,15452.80000,XC-7,L4,Teixeira,2017/11/11,497,2020,West Nicolechester,PN-6044-77382,"Becker, Sanchez and Crawford",light
FC,5,8107.20000,XC-7,L1,Huhn KGaA,2022/05/28,498,2022,Cartaxo,BF-9014-27399,Kraushaar GbR,1
FA,110,22323.80000,APU-15,L3,Mitschke,2022-06-23,499,2018,Naila,AD-7041-21663,Rädel Löwer AG,heavy
FD,58,39422.30000,APU-15,L1,"Moore, Kennedy and Berger",24 Jun 2023,500,2013,Tondela,PR-1483-28101,Kraushaar GbR, normal 
FD,70,17466.10000,APU-12,L6,Teixeira,20 Jan 2024,501,2020,Horta,GZ-0734-07385,Mangold GbR,normal
FC,91,7375.00000,APU-12,L4,Pinto Gaspar S.A.,2021/06/03,502,2022,Biedenkopf,DA-6833-12427,Reinhardt,heavy
FE,57,,APU-15,L5,Pinto Gaspar S.A.,2018-06-21,503,2019,Moniqueside,YV-5185-37584,Christoph GmbH,N
FA,44,6374.20000,APU-15,L5,"Hernandez, Malone and Smith",2024/08/22,504,2023,Moura,GT-1525-50404,Schenk GmbH,L
FC,46,2429.20000,XC-7,L2,Amorim,2019-02-13,505,2024,West Andrewborough,OZ-3854-15915,Mangold GbR,med
FB,42,9215.50000,APU-12,L4,Amorim,09 Feb 2017,506,2022,West Nicolechester,VV-4500-49712,"Gibbs, Scott and Moore",N
FD,79,8305.20000,APU-15,L2,Hofmann Bender GmbH,13 May 2021,507,2022,Sacavém,PL-5078-10609,Pinho Lopes Lda.,light
FD,50,17795.90000,APU-20,L5,Stroh,2024/12/28,508,2019,Angermünde,NW-1147-23663,Schenk GmbH,N
FB,21,8769.10000,APU-15,L2,Faria,2017-09-24,509,2022,São Salvador de Lordelo,DX-9957-14557,Schenk GmbH,H
FB,61,7592.10000,APU-15,L2,Hermighausen Weinhold AG & Co. KG,02 May 2017,510,2022,Caldas da Rainha,HL-4489-26387,Huhn KGaA,N
FD,67,7728.10000,APU-20,L3,"Henson, Walker and Pruitt",2024/08/07,511,2022,Gifhorn,DX-4258-39300,Hermighausen Weinhold AG & Co. KG,2
FC,15,18479.00000,APU-20,L3,"Henson, Walker and Pruitt",05 Mar 2018,512,2019,São João da Madeira,BJ-5123-55020,"Barker, Henson and Neal",L
FE,36,14931.10000,APU-15,L4,Trapp Langern OHG mbH,12 Apr 2018,513,2020,Zerbst,YY-4794-83400,Silva,heavy
FB,106,,APU-15,L3,Faria,07 Feb 2022,514,2018,São João da Madeira,BE-7304-44449,Trevino-Turner,3
FB,72,7343.20000,APU-20,L2,Trapp Langern OHG mbH,2017/01/12,515,2022,Christinehaven,DO-1705-63486,Rädel Löwer AG,2
FD,40,7354.40000,APU-15,L2,Roy and Sons,2019/09/19,516,2022,Harrisbury,EJ-5605-43200,Christoph GmbH,2
FD,11,9420.80000,APU-20,L6,Stroh,"08/18/2018, 00:00:00",517,2022,Angermünde,WU-1637-18091,Schenk GmbH,light
FD,1,7610.60000,APU-15,L6,Trapp Langern OHG mbH,2016-07-29,518,2022,Youngfort,UB-9273-47325,Faria,light
FC,8,12239.10000,APU-20,L1,Reinhardt,2019/11/13,519,2021,New Danielshire,NM-4948-32563,Huhn KGaA,N
FA,64,13818.20000,APU-12,L2,Pinto Gaspar S.A.,2022/03/04,520,2021,Genthin,PV-1165-24579,Kraushaar GbR,2
FA,4,5524.30000,XC-7,L2,Faria,19 Jan 2020,521,2023,Ebersberg,NK-6578-04704,Silva,1
FD,106,7847.40000,APU-20,L4,"Moore, Kennedy and Berger",2016-10-11,522,2022,Guimarães,LC-0716-95795,Leal Freitas S/A, 1 
FC,71,18145.00000,APU-20,L6,Ribeiro,2018/02/02,523,2019,West Nicolechester,MF-7195-51300,Trapp Langern OHG mbH,2
FD,78,14998.50000,APU-12,L6,Roy and Sons,23 Feb 2016,524,2020,Barbarachester,GU-6485-94139,"Hernandez, Malone and Smith",N
FA,106,,APU-20,L1,Reinhardt,2015/03/14,525,2021,South Sabrina,GJ-8133-53082,Hövel Jopich KG,heavy
FB,100,17524.60000,APU-15,L6,Zobel,2015/05/08,526,2019,Vila Real,PA-6675-94085,"Barker, Henson and Neal",N
FB,26,14752.90000,XC-7,L1,Walker Ltd,2015/11/01,527,2020,West Nicolechester,LR-5468-56991,Hofmann Bender GmbH,light
FD,105,10057.90000,APU-20,L2,Mitschke,23 Jun 2019,528,2022,Nordhausen,HE-3251-82080,Rädel Löwer AG,L
FD,77,11654.00000,APU-20,L5,Stroh,2019-09-07,529,2021,Torres Vedras,WL-9982-94617,James PLC,normal
FC,79,13817.60000,APU-20,L5,"Moore, Kennedy and Berger",2020/11/28,530,2021,Genthin,AN-9356-56804,Schenk GmbH,normal
FD,13,11102.20000,XC-7,L5,Huhn KGaA,"09/03/2023, 00:00:00",531,2021,Angermünde,VP-7529-28549,"Carter, Kim and Allen",light
FD,66,14053.10000,APU-15,L3,Trapp Langern OHG mbH,03 May 2017,532,2020,Amarante,TT-8812-84536,"Moore, Kennedy and Berger", med 
FA,101,29352.70000,APU-20,L1,"Henson, Walker and Pruitt",15 Jan 2020,533,2016,Christinehaven,VA-3639-13603,Allen-Ferguson,light
FE,89,10235.40000,APU-12,L4,Mitschke,"08/27/2015, 00:00:00",534,2022,Klötze,PY-8079-44029,Teixeira,heavy
FB,54,7152.50000,APU-12,L2,Faria,16 Oct 2021,535,2022,South Sabrina,EQ-0885-95023,Pinho Lopes Lda.,N
FB,65,10152.70000,XC-7,L2,Allen-Ferguson,19 Nov 2023,536,2022,Vila Real,VJ-2071-18002,Hofmann Bender GmbH,med
FC,52,12559.80000,APU-12,L2,Hofmann Bender GmbH,"04/15/2018, 00:00:00",537,2021,Angelashire,HN-9524-31040,Reinhardt,normal
FE,37,4155.20000,APU-20,L1,Rädel Löwer AG,2018/01/06,538,2023,Nordhausen,NL-9885-94650,Hofmann Bender GmbH,light
FE,1,,APU-15,L6,"Carter, Kim and Allen",29 Nov 2018,539,2022,Bruchsal,NW-4712-44770,"Becker, Sanchez and Crawford",H
FC,40,8063.20000,XC-7,L5,Trevino-Turner,2020/07/26,540,2022,Lake Amy,RR-7043-03842,Rogner KG,2
FC,18,6807.10000,APU-20,L5,Faria,2020-12-10,541,2023,Gomezberg,PW-9177-55590,Faria,1
FA,86,6129.70000,APU-12,L2,Mitschke,"07/14/2017, 00:00:00",542,2023,Zerbst,YD-6319-08432,"Gibbs, Scott and Moore",3
FC,90,3138.90000,XC-7,L5,Pinho Lopes Lda.,"01/04/2018, 00:00:00",543,2024,West Andrewborough,IS-8509-92755,Pinto Gaspar S.A.,H
FC,111,,APU-12,L3,Silva,2016/06/13,544,2020,Moniqueside,FZ-9872-69241,Mitschke,L
FD,76,8041.70000,XC-7,L2,Christoph GmbH,22 Jun 2024,545,2022,Naila,PX-8545-33393,Schenk GmbH,N
FE,91,6563.50000,XC-7,L1,Trapp Langern OHG mbH,2016-04-29,546,2023,Moniqueside,HX-5705-74934,Mangold GbR,heavy
FD,52,14249.20000,APU-20,L2,"Hernandez, Malone and Smith",10 Nov 2021,547,2020,South Renee,IJ-8392-23166,Kraushaar GbR, normal 
FE,42,6195.80000,APU-20,L5,"Becker, Sanchez and Crawford","05/29/2018, 00:00:00",548,2023,Kusel,AC-9404-51697,Johnson-Garrett,N
FA,55,28929.10000,XC-7,L3,Ribeiro,2022-04-01,549,2016,Johnfort,OD-2062-01679,Hövel Jopich KG,N
FB,87,6432.00000,XC-7,L2,Mitschke,2018-03-28,550,2023,Chaves,SX-1937-78084,Schenk GmbH,3
FE,66,5503.60000,APU-15,L6,Pinho Lopes Lda.,2021-05-18,551,2023,Christinehaven,LO-9425-71296,Silva, N 
FC,23,9615.80000,APU-20,L1,"Gibbs, Scott and Moore",10 Jan 2016,552,2022,São Salvador de Lordelo,AJ-4522-55940,Allen-Ferguson,L
FB,25,15652.50000,APU-12,L2,James PLC,2015/03/26,553,2020,Nordhausen,XR-7078-52139,"Barker, Henson and Neal",L
FB,22,4398.90000,APU-12,L6,Roy and Sons,2019/07/14,554,2023,Kusel,CF-8629-31526,Faria,L
FD,110,11294.30000,APU-20,L5,Rogner KG,2018-11-04,555,2021,Moniqueside,EF-3334-83861,Teixeira,H
FA,91,18075.80000,XC-7,L5,Christoph GmbH,20 Oct 2020,556,2019,Quarteira,LT-8367-57504,"Rivers, Welch and Hood",heavy
FC,69,22022.50000,APU-15,L6,Faria,"07/16/2016, 00:00:00",557,2018,Gomezberg,LJ-9523-36388,Zobel,normal
FA,105,12222.00000,APU-15,L3,Hövel Jopich KG,2019/12/14,558,2021,Biedenkopf,OY-3384-61334,Teixeira,N
FE,105,10668.10000,APU-20,L4,Faria,"06/20/2018, 00:00:00",559,2021,Póvoa de Santa Iria,BZ-6570-82157,"Hernandez, Malone and Smith", 3 
FA,53,21723.20000,APU-15,L2,Pinto Gaspar S.A.,"03/01/2023, 00:00:00",560,2018,Gomezberg,NM-5815-64969,"Rivers, Welch and Hood",N
FA,109,14535.70000,APU-12,L3,Hofmann Bender GmbH,2017/08/04,561,2020,Zerbst,QU-3437-60571,Hövel Jopich KG,1
FC,46,18861.80000,APU-15,L1,Hofmann Bender GmbH,14 Feb 2019,562,2019,Gifhorn,WX-0900-88974,Kraushaar GbR,light
FC,24,11609.10000,APU-15,L6,Mangold GbR,2020-08-26,563,2021,New Danielshire,KL-6811-17940,Hofmann Bender GmbH, L 
FB,10,15656.00000,APU-12,L2,Macedo Faria e Filhos,13 Jan 2021,564,2020,Nürtingen,UN-5842-49682,Stroh,1
FC,19,32171.00000,APU-20,L5,"Barker, Henson and Neal",2019/09/18,565,2015,Johnnymouth,ND-3035-27290,Ribeiro,L
FC,104,23350.40000,APU-12,L5,Walker Ltd,"05/22/2023, 00:00:00",566,2018,Hensleyville,CJ-9873-58352,Rädel Löwer AG,H
FB,117,24741.00000,XC-7,L6,Walker Ltd,2019/04/18,567,2017,São João da Madeira,AY-8415-81146,Pinto Gaspar S.A.,normal
FD,43,12252.10000,XC-7,L4,Kraushaar GbR,"03/20/2021, 00:00:00",568,2021,West Andrewborough,WH-2183-31651,Allen-Ferguson,normal
FC,114,38070.50000,APU-15,L4,Johnson-Garrett,2022-01-31,569,2014,Biedenkopf,BC-2221-97113,Rädel Löwer AG,1
FD,24,13098.80000,APU-12,L6,Mitschke,22 Feb 2016,570,2021,South Sabrina,FP-8979-23997,Ribeiro,1
FA,47,,APU-12,L4,"Barker, Henson and Neal",2021-09-25,571,2023,Bad Freienwalde,PG-7441-79327,Rogner KG,med
FE,68,8001.20000,XC-7,L5,"Barker, Henson and Neal",2017/07/21,572,2022,Ochsenfurt,DD-2364-25613,Mangold GbR,N
FC,41,26632.60000,XC-7,L2,Pinto Gaspar S.A.,"10/10/2015, 00:00:00",573,2017,Youngfort,RX-4607-34148,Rogner KG,N
FE,16,14474.80000,XC-7,L1,Rogner KG,"10/13/2023, 00:00:00",574,2020,Kusel,RN-3051-74691,Kraushaar GbR,1
FA,61,24765.10000,APU-12,L4,"Rivers, Welch and Hood",2017/11/24,575,2017,Naila,WU-8047-19154,Hermighausen Weinhold AG & Co. KG,N
FD,105,16277.70000,XC-7,L1,Mangold GbR,2020-05-22,576,2020,Kusel,HP-3547-41126,Reinhardt,3
FB,119,5998.30000,XC-7,L4,Rädel Löwer AG,2024/07/13,577,2023,Lake Amy,NL-5335-08873,"Henson, Walker and Pruitt",heavy
FB,38,8279.10000,XC-7,L3,Hermighausen Weinhold AG & Co. KG,31 Aug 2018,578,2022,Angelashire,UM-3728-60918,Zobel,L
FD,70,15515.80000,XC-7,L5,Teixeira,2022/04/13,579,2020,Youngfort,PI-2536-14205,Christoph GmbH,2
FC,58,9472.60000,APU-15,L4,Trevino-Turner,"07/24/2020, 00:00:00",580,2022,South Renee,UW-5867-72798,Faria,normal
FE,105,14768.60000,APU-15,L6,Faria,2023-10-31,581,2020,Loulé,UC-9468-36512,Ribeiro,H
FB,65,4301.20000,APU-12,L5,Kraushaar GbR,09 Aug 2022,582,2023,Biedenkopf,XS-9362-02203,Trevino-Turner,3
FE,105,13023.70000,APU-15,L1,Rädel Löwer AG,2023-12-27,583,2021,Sacavém,XA-3627-86653,Silva,heavy
FB,90,7654.10000,APU-20,L1,Gutknecht Stiftung & Co. KG,"09/05/2017, 00:00:00",584,2022,Christinehaven,NY-8032-96527,Hövel Jopich KG,med
FC,19,34052.60000,APU-20,L2,Reinhardt,09 May 2018,585,2015,Gifhorn,KE-6663-56722,"Moore, Kennedy and Berger",light
FB,73,7878.40000,XC-7,L3,Leal Freitas S/A,2020/12/12,586,2022,Caldas da Rainha,HX-2297-46229,Hövel Jopich KG,N
FB,33,31008.00000,APU-20,L6,Teixeira,2017-02-18,587,2016,East Joshuabury,ND-4988-16879,Silva,2
FD,80,16782.30000,APU-15,L2,Allen-Ferguson,2019-08-05,588,2020,Cartaxo,JS-0615-55340,Zobel,L
FE,58,13696.30000,APU-20,L5,Zobel,"02/19/2024, 00:00:00",589,2021,Ochsenfurt,YY-0770-22495,Mangold GbR, N 
FC,119,10700.50000,XC-7,L2,"Carter, Kim and Allen",2019-03-07,590,2021,Quarteira,EG-7480-54052,"Moore, Kennedy and Berger", heavy 
FE,45,7783.70000,APU-15,L6,Heinrich,2018/08/17,591,2022,Ebersberg,SX-9067-49209,Faria,med
FD,92,6927.90000,APU-20,L5,Hermighausen Weinhold AG & Co. KG,06 Jul 2022,592,2023,Caldas da Rainha,AW-6333-51876,Stroh,H
FE,75,32164.80000,APU-20,L1,"Becker, Sanchez and Crawford",2015-12-08,593,2015,Caldas da Rainha,FC-7353-22575,Hermighausen Weinhold AG & Co. KG,normal
FC,68,6607.20000,APU-12,L5,Ribeiro,"08/10/2020, 00:00:00",594,2023,Naila,QZ-4185-57256,Zobel, med 
FB,53,45000.00000,XC-7,L6,"Barker, Henson and Neal",2023-04-07,595,2012,Barbarachester,IG-7496-58427,Mangold GbR,med
FC,72,4279.80000,APU-15,L3,Rädel Löwer AG,28 Feb 2023,596,2023,São João da Madeira,KU-4240-12657,Ribeiro,N
FB,13,15542.20000,APU-12,L6,Hermighausen Weinhold AG & Co. KG,2020/08/27,597,2020,São João da Madeira,YH-4887-91076,Leal Freitas S/A,1
FD,2,14007.30000,XC-7,L6,James PLC,2021/10/29,598,2020,Nordhausen,FJ-8947-91646,Schenk GmbH,L
FE,70,5918.90000,XC-7,L1,Kraushaar GbR,2021-06-20,599,2023,Johnfort,YB-9376-29869,Teixeira,1
FA,17,17468.30000,APU-20,L4,Hövel Jopich KG,"09/20/2016, 00:00:00",600,2020,Lourosa,XA-4707-80420,Pinho Lopes Lda.,L
FA,34,9476.50000,APU-20,L6,Hövel Jopich KG,2024/05/31,601,2022,Lourosa,PX-1793-05500,Zobel,1
FA,53,4495.10000,APU-15,L4,Macedo Faria e Filhos,"08/24/2018, 00:00:00",602,2023,Póvoa de Santa Iria,PO-9271-21887,Mangold GbR,2
FD,60,14279.30000,APU-20,L1,Kraushaar GbR,"03/04/2024, 00:00:00",603,2020,Klötze,KE-5781-75498,James PLC,normal
FE,32,4787.50000,APU-20,L6,Kraushaar GbR,"05/22/2016, 00:00:00",604,2023,South Sabrina,JI-6828-81707,Zobel, 1 
FA,75,19910.70000,APU-20,L5,Pinho Lopes Lda.,2017/09/02,605,2019,Johnnymouth,XY-8317-57447,"Barker, Henson and Neal",N
FA,118,2681.40000,APU-20,L6,Faria,19 May 2019,606,2024,Regen,PM-9837-54173,Hofmann Bender GmbH,3
FA,53,15777.70000,XC-7,L6,Ribeiro,"03/21/2015, 00:00:00",607,2020,Fiães,KY-8996-17475,Huhn KGaA,2
FD,97,19773.70000,XC-7,L1,Gutknecht Stiftung & Co. KG,2021-10-28,608,2019,Nürtingen,CK-6657-11103,Walker Ltd,N
FB,67,7784.20000,APU-15,L2,"Gibbs, Scott and Moore","02/20/2018, 00:00:00",609,2022,Guimarães,PB-3955-66257,Huhn KGaA,2
FC,45,42995.90000,APU-12,L4,"Henson, Walker and Pruitt","04/13/2015, 00:00:00",610,2012,Barbarachester,WU-0265-01104,"Hernandez, Malone and Smith",N
FD,6,9640.40000,APU-15,L1,Christoph GmbH,16 Jul 2016,611,2022,Leeberg,BW-3099-95332,Hofmann Bender GmbH,light
FC,22,40287.00000,APU-20,L6,Zobel,"05/26/2018, 00:00:00",612,2013,Barbarachester,MF-5779-06764,Reinhardt,L
FD,34,15779.90000,XC-7,L6,Gutknecht Stiftung & Co. KG,"03/14/2022, 00:00:00",613,2020,Vila Real,NK-5978-72192,Kraushaar GbR,1
FE,88,23873.90000,APU-20,L2,Roy and Sons,2021/01/30,614,2018,Naila,HF-5528-90813,Gutknecht Stiftung & Co. KG,H
FC,29,5298.10000,APU-20,L4,Johnson-Garrett,"06/08/2022, 00:00:00",615,2023,Port Alanside,MY-0654-78343,Pinho Lopes Lda.,light
FC,93,6949.70000,APU-15,L6,Stroh,2020-12-22,616,2023,Lourosa,CE-0358-55605,"Barker, Henson and Neal",H
FB,26,22450.50000,APU-12,L2,Johnson-Garrett,"09/06/2023, 00:00:00",617,2018,Sacavém,QX-8299-13919,"Henson, Walker and Pruitt", 1 
FD,15,8705.90000,XC-7,L3,Silva,05 Dec 2021,618,2022,Trancoso,ET-9262-06549,Pinho Lopes Lda.,normal
FC,93,5587.10000,APU-12,L1,Allen-Ferguson,"04/30/2023, 00:00:00",619,2023,Nürtingen,CZ-6695-02571,Mangold GbR,1
FA,117,11107.30000,APU-20,L3,Trevino-Turner,"12/05/2019, 00:00:00",620,2021,Barbarachester,CH-8555-03819,"Carter, Kim and Allen",2
FD,0,13260.10000,APU-12,L2,Mitschke,26 Oct 2017,621,2021,Bad Freienwalde,II-0587-31221,Huhn KGaA,light
FB,97,14636.40000,XC-7,L2,Heinrich,2024/02/13,622,2020,Johnfort,QW-6609-45066,"Hernandez, Malone and Smith",1
FC,23,8820.20000,APU-15,L4,Rogner KG,2019/04/16,623,2022,West Nicolechester,WE-1344-93700,"Carter, Kim and Allen",L
FA,111,40763.00000,APU-20,L4,"Hernandez, Malone and Smith",27 Feb 2024,624,2013,Lake Amy,LO-6437-04362,Hermighausen Weinhold AG & Co. KG,H
FB,62,17728.00000,APU-15,L5,Zobel,2017-04-07,625,2019,Barbarachester,JP-6919-99436,Huhn KGaA,normal
FA,76,19006.70000,XC-7,L3,Silva,2016-07-06,626,2019,Schleiz,QR-5552-79082,Stroh,N
FB,36,35801.70000,APU-12,L4,Hofmann Bender GmbH,29 May 2023,627,2014,Quarteira,PE-4987-26123,Kraushaar GbR,1
FA,109,4050.40000,APU-15,L2,Walker Ltd,2023-12-14,628,2023,East Joshuabury,KK-8976-96618,Stroh,L
FC,91,4403.70000,APU-12,L3,Pinho Lopes Lda.,"12/08/2018, 00:00:00",629,2023,Cartaxo,FJ-8077-32648,Silva,light
FA,118,8157.20000,XC-7,L1,Teixeira,2017-09-08,630,2022,São Salvador de Lordelo,NB-5527-35714,"Henson, Walker and Pruitt",3
FD,82,7793.00000,APU-20,L4,Silva,29 Mar 2020,631,2022,Nordhausen,SB-8171-02026,Faria,3
FA,99,10716.20000,APU-15,L2,"Rivers, Welch and Hood",25 Feb 2020,632,2021,Bruchsal,MO-2504-76333,Pinto Gaspar S.A.,3
FB,46,12567.60000,APU-20,L4,Gutknecht Stiftung & Co. KG,06 Apr 2015,633,2021,Ochsenfurt,NL-2213-31791,Mangold GbR,normal
FD,50,29389.30000,APU-15,L6,Hermighausen Weinhold AG & Co. KG,12 Nov 2024,634,2016,Klötze,YC-8061-69924,"Henson, Walker and Pruitt",heavy
FA,83,11547.20000,APU-20,L2,Christoph GmbH,2020/01/21,635,2021,Quarteira,RF-8936-64284,Silva,heavy
FE,23,12654.40000,APU-12,L4,Macedo Faria e Filhos,2019/01/30,636,2021,Harrisbury,MQ-6805-62804,"Moore, Kennedy and Berger",light
FA,118,5519.90000,APU-20,L4,Leal Freitas S/A,2017-07-29,637,2023,Harrisbury,QI-0989-92034,"Becker, Sanchez and Crawford",heavy
FB,27,,APU-15,L2,Mitschke,22 Nov 2020,638,2021,Ochsenfurt,UL-0653-74493,Hermighausen Weinhold AG & Co. KG,light
FD,100,5712.70000,APU-15,L1,Pinho Lopes Lda.,2024-03-24,639,2023,Lake Amy,AS-7180-06198,Macedo Faria e Filhos,H
FB,4,9596.20000,APU-12,L6,"Henson, Walker and Pruitt",17 Mar 2023,640,2022,Angelashire,AK-1370-74829,Christoph GmbH, L 
FC,74,3731.30000,APU-20,L4,Pinho Lopes Lda.,2018/11/08,641,2023,Bruchsal,WQ-1870-86155,Amorim,med
FB,99,27248.10000,APU-12,L4,"Rivers, Welch and Hood","04/04/2017, 00:00:00",642,2017,Fiães,HV-9289-85838,Mitschke,N
FC,70,4371.30000,XC-7,L2,Hofmann Bender GmbH,"07/01/2020, 00:00:00",643,2023,New Danielshire,QK-2241-08125,Kraushaar GbR,med
FC,42,6144.20000,APU-12,L5,"Barker, Henson and Neal",30 May 2023,644,2023,Johnfort,RF-0575-78119,James PLC,med
FE,101,36323.30000,APU-15,L4,Silva,"07/21/2017, 00:00:00",645,2014,West Andrewborough,RU-2122-47114,Johnson-Garrett,3
FC,3,23849.00000,APU-15,L2,"Henson, Walker and Pruitt","02/18/2021, 00:00:00",646,2018,Nordhausen,JT-5573-22988,Silva, light 
FD,40,14355.90000,APU-12,L2,Macedo Faria e Filhos,2018-08-29,647,2020,Zerbst,KN-7875-39365,Walker Ltd,N
FE,14,24437.00000,XC-7,L3,Leal Freitas S/A,2023/06/09,648,2018,Caldas da Rainha,PY-3063-05818,Macedo Faria e Filhos,light
FC,11,7492.70000,APU-15,L6,Johnson-Garrett,2019/11/16,649,2022,Ochsenfurt,CL-2518-39740,Kraushaar GbR,1
FC,20,10798.10000,APU-20,L5,Mitschke,30 Sep 2018,650,2021,Hensleyville,OL-6272-44301,Allen-Ferguson,L
FD,33,6986.30000,APU-15,L2,Gutknecht Stiftung & Co. KG,"04/29/2019, 00:00:00",651,2023,Klötze,DM-8771-05350,Schenk GmbH,light
FE,17,8759.50000,APU-12,L1,Silva,2022/12/22,652,2022,Torres Novas,RI-0506-55379,Schenk GmbH,1
FD,69,8206.80000,APU-12,L2,Rädel Löwer AG,"11/20/2019, 00:00:00",653,2022,Tondela,BQ-8800-85608,Mitschke,N
FA,80,18802.50000,XC-7,L3,Trapp Langern OHG mbH,2021-10-08,654,2019,Christinehaven,YO-4267-56293,Hermighausen Weinhold AG & Co. KG,N
FE,13,8765.60000,XC-7,L4,"Becker, Sanchez and Crawford",2020-08-05,655,2022,Christinehaven,VX-4351-56750,Teixeira,1
FD,26,11520.40000,APU-20,L3,"Carter, Kim and Allen",2020-07-25,656,2021,Macedo de Cavaleiros,PQ-2678-31729,Teixeira,light
FC,44,4296.40000,APU-15,L4,Gutknecht Stiftung & Co. KG,2015-08-25,657,2023,Christinehaven,UY-2968-73031,James PLC,med
FD,49,10013.70000,XC-7,L1,Mitschke,2019-05-08,658,2022,Johnnymouth,WW-2012-25198,Christoph GmbH,L
FE,11,7888.80000,XC-7,L4,Stroh,2018/07/26,659,2022,São João da Madeira,MM-9867-00848,Pinto Gaspar S.A.,med
FC,91,15163.70000,XC-7,L5,Hermighausen Weinhold AG & Co. KG,2017/02/22,660,2020,Trancoso,PB-7962-86699,Silva,3
FB,20,,APU-15,L6,Pinto Gaspar S.A.,"05/14/2018, 00:00:00",661,2022,Gifhorn,VI-3549-59262,Hofmann Bender GmbH, L 
FB,118,30062.70000,APU-20,L4,"Rivers, Welch and Hood",11 May 2024,662,2016,Gifhorn,CI-6677-08267,Hermighausen Weinhold AG & Co. KG,H
FA,62,3474.20000,XC-7,L4,"Carter, Kim and Allen",2023/10/11,663,2024,Caldas da Rainha,LH-8158-63616,"Barker, Henson and Neal",med
FB,31,10132.80000,APU-15,L4,Kraushaar GbR,2020/06/29,664,2022,Caldas da Rainha,BK-8075-82557,Ribeiro,light
FC,94,14030.40000,APU-20,L6,Kraushaar GbR,2018-02-28,665,2020,Kusel,RG-6946-82219,Christoph GmbH,heavy
FA,43,27831.90000,APU-12,L6,Trapp Langern OHG mbH,24 Apr 2020,666,2017,Amarante,UN-7793-32177,Johnson-Garrett,N
FB,19,34676.00000,APU-12,L5,Allen-Ferguson,"05/29/2018, 00:00:00",667,2015,São Salvador de Lordelo,MS-3327-31370,Mangold GbR,1
FC,0,25320.40000,APU-20,L6,Zobel,"09/23/2018, 00:00:00",668,2017,Macedo de Cavaleiros,HB-0264-95304,Trevino-Turner, med 
FA,21,22395.40000,APU-20,L2,Trevino-Turner,2023-11-27,669,2018,East Joshuabury,DH-1355-51314,Hofmann Bender GmbH,1
FC,28,31162.50000,APU-12,L5,James PLC,"06/11/2020, 00:00:00",670,2016,Angelashire,WU-8361-77004,"Barker, Henson and Neal",light
FC,25,5990.70000,APU-15,L1,Kraushaar GbR,2024/02/17,671,2023,Naila,HE-7441-02688,"Hernandez, Malone and Smith",light
FA,98,12087.20000,APU-12,L1,James PLC,03 Apr 2023,672,2021,Angelashire,SF-9564-45595,Trapp Langern OHG mbH,heavy
FA,58,11506.40000,APU-20,L3,Stroh,"07/08/2021, 00:00:00",673,2021,Johnnymouth,PZ-6859-09388,"Hernandez, Malone and Smith", 2 
FC,46,12443.30000,APU-15,L2,Amorim,"07/30/2016, 00:00:00",674,2021,São João da Madeira,JP-1487-70071,Schenk GmbH,med
FE,45,6106.20000,XC-7,L2,"Carter, Kim and Allen",01 Oct 2021,675,2023,Youngfort,HC-0814-53888,"Moore, Kennedy and Berger",N
FC,21,14457.20000,APU-20,L6,Rogner KG,2024/06/11,676,2020,Amarante,SM-9072-42090,Trapp Langern OHG mbH,N
FB,81,7273.70000,XC-7,L3,Trapp Langern OHG mbH,2023-03-11,677,2022,Lake Amy,AH-3380-00513,Christoph GmbH,3
FD,29,11425.30000,APU-12,L2,Ribeiro,"07/07/2022, 00:00:00",678,2021,Nordhausen,UC-0400-12877,Kraushaar GbR,1
FE,42,12084.90000,APU-15,L2,Pinto Gaspar S.A.,09 Dec 2022,679,2021,Sacavém,CQ-1580-42314,"Becker, Sanchez and Crawford",normal
FE,111,43364.80000,APU-20,L1,Reinhardt,09 Jul 2019,680,2012,Christinehaven,XI-5683-52655,Hofmann Bender GmbH,heavy
FC,23,14268.50000,APU-20,L5,Huhn KGaA,"09/12/2024, 00:00:00",681,2020,Quarteira,FY-1578-65628,Rädel Löwer AG,L
FC,59,23493.40000,APU-12,L1,Hofmann Bender GmbH,2017/01/12,682,2018,Schleiz,VL-5508-40108,Huhn KGaA,normal
FA,59,,APU-12,L6,Kraushaar GbR,03 Sep 2022,683,2022,Amarante,FX-8032-70683,Gutknecht Stiftung & Co. KG,med
FC,1,11160.10000,XC-7,L2,Rädel Löwer AG,"12/25/2024, 00:00:00",684,2021,Caldas da Rainha,PB-8212-16088,Faria,H
FB,15,9569.20000,XC-7,L1,Stroh,2021/04/27,685,2022,Cartaxo,TZ-9519-01933,Leal Freitas S/A,L
FA,83,8421.10000,APU-15,L5,Amorim,06 Sep 2024,686,2022,Caldas da Rainha,FI-0092-46045,Teixeira,heavy
FB,103,6605.00000,XC-7,L6,"Carter, Kim and Allen",20 Jun 2022,687,2023,Leeberg,XL-5288-02621,Mangold GbR,3
FD,42,,APU-12,L4,Rogner KG,2024/03/02,688,2022,São Salvador de Lordelo,GL-2893-86546,"Moore, Kennedy and Berger",normal
FE,89,5108.30000,APU-20,L3,Rogner KG,2019/06/12,689,2023,Trancoso,FX-5054-84449,Hofmann Bender GmbH,3
FD,92,4112.30000,APU-12,L6,"Rivers, Welch and Hood",01 Mar 2017,690,2023,West Andrewborough,KA-4208-99330,"Moore, Kennedy and Berger",3
FD,92,6002.60000,XC-7,L1,"Barker, Henson and Neal",27 Dec 2018,691,2023,Quarteira,YB-5447-56509,"Barker, Henson and Neal",3
FD,60,29177.40000,APU-15,L2,"Rivers, Welch and Hood","10/20/2021, 00:00:00",692,2016,Guimarães,PE-5948-39821,"Moore, Kennedy and Berger",2
FE,57,21810.70000,APU-20,L5,Trevino-Turner,2019-10-09,693,2018,Angelashire,OG-8042-71247,James PLC, 3 
FB,73,11633.20000,APU-15,L6,Teixeira,2022/10/24,694,2021,Johnnymouth,MF-5830-53001,Christoph GmbH,med
FA,66,4929.50000,APU-12,L5,Mitschke,2024/07/18,695,2023,Almada,OG-1693-63651,Hermighausen Weinhold AG & Co. KG,N
FC,8,13667.30000,APU-15,L1,Amorim,11 May 2021,696,2021,Cartaxo,CZ-2251-73637,Schenk GmbH,L
FC,51,14609.70000,APU-12,L3,Silva,2023/01/16,697,2020,Fiães,NV-3300-90054,Ribeiro,2
FA,38,4057.70000,APU-15,L5,Amorim,07 Oct 2020,698,2023,Harrisbury,EW-1536-36019,Macedo Faria e Filhos,1
FB,84,14718.40000,XC-7,L3,Rogner KG,2019-01-17,699,2020,Torres Novas,HC-3174-53406,"Carter, Kim and Allen", heavy 
FA,98,11740.20000,APU-12,L2,Christoph GmbH,2020/05/04,700,2021,Angelashire,UB-3541-77538,"Becker, Sanchez and Crawford", heavy 
FD,67,8102.20000,APU-15,L6,Christoph GmbH,2023/12/26,701,2022,São João da Madeira,RI-8332-95457,Hermighausen Weinhold AG & Co. KG,2
FD,59,,APU-12,L2,Teixeira,"06/12/2019, 00:00:00",702,2022,Ochsenfurt,JG-3972-43025,"Barker, Henson and Neal",2
FA,80,9214.40000,APU-20,L3,"Rivers, Welch and Hood",28 Dec 2019,703,2022,Loulé,RN-0075-49683,Teixeira,3
FB,25,13629.60000,APU-20,L5,Amorim,2018-04-15,704,2021,Nürtingen,QD-6748-57525,Pinto Gaspar S.A.,1
FC,119,26372.10000,APU-12,L6,"Moore, Kennedy and Berger",2020/02/28,705,2017,Bad Freienwalde,BS-0995-46842,Macedo Faria e Filhos,heavy
FD,51,6490.90000,APU-15,L3,Reinhardt,20 Dec 2024,706,2023,Horta,EJ-7049-58341,"Moore, Kennedy and Berger",N
FA,115,15508.50000,APU-20,L2,Mangold GbR,2021/09/26,707,2020,Ebersberg,ZL-2688-44475,Mitschke,light
FE,12,31689.70000,XC-7,L1,Allen-Ferguson,2016/01/29,708,2015,Ochsenfurt,CX-9533-56007,Zobel,N
FB,0,15444.10000,APU-20,L6,"Hernandez, Malone and Smith",2023-09-14,709,2020,New Danielshire,YR-2557-91663,Mangold GbR, light 
FB,83,21140.90000,XC-7,L3,"Hernandez, Malone and Smith",21 Jan 2023,710,2018,Ochsenfurt,TU-9144-70287,Christoph GmbH, 1 
FC,91,11715.10000,XC-7,L6,"Gibbs, Scott and Moore",13 Sep 2022,711,2021,Johnfort,EQ-7453-86775,Gutknecht Stiftung & Co. KG,heavy
FE,20,7684.10000,APU-12,L2,Trevino-Turner,"05/10/2016, 00:00:00",712,2022,West Nicolechester,IT-7250-98525,Pinho Lopes Lda.,med
FE,113,7109.10000,APU-20,L5,Kraushaar GbR,18 Nov 2022,713,2022,Bad Freienwalde,TI-0680-74361,Walker Ltd,H
FA,71,36125.80000,APU-20,L5,Hofmann Bender GmbH,2024/02/12,714,2014,Schleiz,BN-9271-80985,James PLC,normal
FE,80,5005.20000,APU-15,L2,Macedo Faria e Filhos,"11/06/2020, 00:00:00",715,2023,Genthin,MA-1118-52822,Trevino-Turner,H
FC,26,8061.80000,APU-20,L6,Ribeiro,2019/01/14,716,2022,Lourosa,RH-3970-13364,Walker Ltd,heavy
FE,28,10953.80000,XC-7,L4,Heinrich,"12/19/2017, 00:00:00",717,2021,South Sabrina,NH-9124-99293,Walker Ltd,L
FE,12,,APU-12,L4,Mitschke,2017-12-23,718,2021,Christinehaven,SY-8643-85175,"Barker, Henson and Neal",light
FE,76,7471.20000,XC-7,L4,"Gibbs, Scott and Moore",2017-05-16,719,2022,Chaves,OT-1103-01722,Mitschke, normal 
FA,51,,XC-7,L6,Stroh,"11/04/2024, 00:00:00",720,2021,New Danielshire,XM-3286-21364,Walker Ltd,normal
FA,87,14555.80000,APU-15,L2,Rädel Löwer AG,"04/18/2015, 00:00:00",721,2020,New Danielshire,MN-2079-38447,Amorim,H
FE,94,16912.40000,APU-12,L4,"Moore, Kennedy and Berger",2019-10-02,722,2020,Bad Freienwalde,PX-2416-01585,"Barker, Henson and Neal",H
FC,9,26994.40000,APU-15,L3,Mangold GbR,31 Jul 2016,723,2017,Genthin,VW-3377-27644,Christoph GmbH,H
FA,27,5096.60000,XC-7,L3,Amorim,2019-11-12,724,2023,New Danielshire,DY-9579-13072,"Gibbs, Scott and Moore",heavy
FB,17,9073.10000,XC-7,L5,Rogner KG,10 Jul 2024,725,2022,Ochsenfurt,PC-1204-27544,Walker Ltd,1
FB,11,5702.50000,APU-12,L5,Roy and Sons,21 Sep 2022,726,2023,Lourosa,ZR-5518-46293,Pinto Gaspar S.A.,1
FC,62,2894.10000,APU-15,L5,Mangold GbR,2019/07/15,727,2024,Lake Amy,XI-4186-80753,Pinho Lopes Lda.,N
FD,87,28237.80000,APU-12,L2,Christoph GmbH,2016-10-15,728,2016,Angermünde,NK-7842-43664,Rogner KG,H
FE,105,7746.10000,APU-20,L4,Walker Ltd,31 Mar 2022,729,2022,Harrisbury,XU-1021-28476,Stroh,1
FD,76,19325.20000,XC-7,L6,Amorim,2022-07-25,730,2019,Christinehaven,SO-8351-08961,Stroh,med
FC,51,7892.90000,APU-15,L6,Mitschke,2016-07-03,731,2022,Amarante,DD-5403-72434,Pinto Gaspar S.A.,med
FA,35,,XC-7,L3,Hövel Jopich KG,2023-03-28,732,2012,Fiães,QA-0928-32778,Kraushaar GbR,light
FD,3,7703.20000,XC-7,L6,"Barker, Henson and Neal",2022/12/11,733,2022,Kusel,TF-7245-82375,Hövel Jopich KG,L
FA,63,4589.20000,APU-12,L6,James PLC,2023/07/26,734,2023,Moura,NW-2677-67719,Walker Ltd,2
FD,87,,APU-12,L1,Faria,09 Sep 2015,735,2019,Kusel,TU-2720-23051,"Rivers, Welch and Hood",H
FA,17,29682.40000,XC-7,L5,Schenk GmbH,2023-02-22,736,2016,Leeberg,NO-2940-05276,Faria,1
FB,76,7560.10000,APU-12,L2,"Gibbs, Scott and Moore","04/10/2020, 00:00:00",737,2022,Angelashire,MR-2447-92682,Amorim, L 
FC,24,10140.40000,XC-7,L6,Kraushaar GbR,04 Oct 2017,738,2022,Chaves,EO-3063-71215,"Rivers, Welch and Hood",L
FA,92,,APU-15,L3,Schenk GmbH,2015/11/02,739,2021,Angermünde,WD-6276-38378,Christoph GmbH,3
FA,38,10246.10000,APU-12,L1,Pinto Gaspar S.A.,"08/23/2019, 00:00:00",740,2022,Tondela,RQ-1725-61318,Faria,L
FE,87,16895.20000,APU-15,L4,Schenk GmbH,07 Dec 2022,741,2020,Biedenkopf,HG-9290-06156,Allen-Ferguson,L
FD,42,11421.30000,APU-20,L6,Huhn KGaA,2020-10-15,742,2021,Ochsenfurt,UX-2750-68529,Amorim,N
FB,3,18526.40000,APU-15,L3,James PLC,"05/01/2016, 00:00:00",743,2019,Caldas da Rainha,EX-2629-21990,Macedo Faria e Filhos,H
FC,28,13430.20000,XC-7,L4,James PLC,2016/07/14,744,2021,Horta,ZR-3349-13652,Ribeiro, L 
FD,21,9461.80000,APU-15,L2,"Henson, Walker and Pruitt","04/17/2023, 00:00:00",745,2022,Moura,XQ-3599-66462,Ribeiro,med
FE,105,4820.70000,APU-15,L5,Walker Ltd,2021/02/19,746,2023,Guimarães,SP-0918-81357,Rogner KG,med
FE,117,4571.10000,APU-20,L2,Hermighausen Weinhold AG & Co. KG,2024-09-19,747,2023,South Sabrina,TL-5180-32111,Pinho Lopes Lda.,heavy
FC,6,9760.00000,XC-7,L6,Rädel Löwer AG,08 May 2015,748,2022,Fiães,UV-6585-60156,"Carter, Kim and Allen",light
FE,79,13915.30000,APU-20,L4,Faria,2022-05-11,749,2021,West Nicolechester,XG-0684-96130,"Barker, Henson and Neal", med 
FD,109,18539.00000,APU-15,L5,Pinto Gaspar S.A.,03 Jul 2024,750,2019,Johnnymouth,NA-5306-85683,"Carter, Kim and Allen",heavy
FD,52,13174.10000,APU-20,L1,"Henson, Walker and Pruitt",2021/06/15,751,2021,São João da Madeira,TN-5189-71110,"Becker, Sanchez and Crawford",N
FD,4,,XC-7,L6,Walker Ltd,2020-08-02,752,2018,Amarante,AY-8163-54448,Stroh,light
FA,65,,APU-20,L1,"Hernandez, Malone and Smith",31 Oct 2024,753,2023,South Renee,SK-0161-25534,Reinhardt,normal
FE,27,10909.10000,APU-12,L3,Zobel,2023/03/01,754,2021,Bad Freienwalde,GW-3839-27331,Faria,1
FE,47,13258.60000,APU-12,L3,Rogner KG,"02/27/2022, 00:00:00",755,2021,Naila,CH-0783-57334,"Gibbs, Scott and Moore",med
FD,85,12265.10000,XC-7,L6,"Gibbs, Scott and Moore","08/28/2017, 00:00:00",756,2021,Macedo de Cavaleiros,PG-7511-10959,"Gibbs, Scott and Moore",heavy
FE,13,18899.20000,APU-20,L6,"Rivers, Welch and Hood","01/24/2022, 00:00:00",757,2019,Barbarachester,FW-6101-36001,Pinto Gaspar S.A.,1
FA,11,26475.60000,APU-15,L4,Silva,2020/06/16,758,2017,Fiães,CH-8350-69790,"Hernandez, Malone and Smith",light
FC,7,27270.40000,APU-15,L3,Silva,2019/11/29,759,2017,Nordhausen,LK-7219-41963,Leal Freitas S/A,1
FB,88,29278.20000,APU-15,L6,Huhn KGaA,"01/01/2019, 00:00:00",760,2016,Macedo de Cavaleiros,DU-1787-45594,Hofmann Bender GmbH,3
FC,18,12515.90000,APU-20,L2,Gutknecht Stiftung & Co. KG,2024/11/12,761,2021,Zerbst,MN-7487-01067,Hövel Jopich KG,light
FE,3,15140.00000,APU-20,L2,Stroh,04 Nov 2016,762,2020,Torres Vedras,OD-9287-86337,Macedo Faria e Filhos, 1 
FB,29,12218.80000,APU-20,L6,Stroh,12 Feb 2023,763,2021,Fiães,XJ-1663-33181,"Henson, Walker and Pruitt",1
FB,103,12633.30000,APU-12,L6,Mitschke,"01/01/2023, 00:00:00",764,2021,Ebersberg,YT-5828-40455,Stroh, H 
FC,57,21550.30000,APU-15,L1,Walker Ltd,2020-12-02,765,2018,Schleiz,PP-8636-71284,Silva,N
FD,27,25259.90000,APU-20,L5,"Rivers, Welch and Hood","10/12/2017, 00:00:00",766,2017,Lake Amy,KM-8652-59775,Silva,normal
FA,82,25781.70000,APU-20,L5,Leal Freitas S/A,2021-11-15,767,2017,Bad Freienwalde,GY-1363-84889,"Barker, Henson and Neal",3
FC,7,42147.50000,APU-15,L1,Rädel Löwer AG,"10/14/2015, 00:00:00",768,2012,Barbarachester,IV-2927-56915,Stroh,light
FE,93,7864.00000,APU-12,L4,Ribeiro,2018/05/13,769,2022,Amarante,OU-6791-56545,Gutknecht Stiftung & Co. KG,heavy
FC,45,24151.50000,APU-15,L3,Reinhardt,"08/09/2021, 00:00:00",770,2018,Ebersberg,WP-5716-89676,"Hernandez, Malone and Smith",med
FA,5,13040.80000,APU-20,L6,Mitschke,"08/13/2016, 00:00:00",771,2021,Loulé,MB-5582-51718,James PLC,L
FE,51,7160.30000,APU-15,L2,"Barker, Henson and Neal","11/04/2018, 00:00:00",772,2022,Gifhorn,PC-8703-63841,Trevino-Turner,N
FA,47,10232.90000,APU-20,L1,Mitschke,2021/04/26,773,2022,Ochsenfurt,LT-1499-00520,Pinto Gaspar S.A., med 
FA,2,8511.70000,APU-12,L6,Teixeira,11 Feb 2023,774,2022,Biedenkopf,WP-0154-60497,Roy and Sons, L 
FC,14,14251.10000,APU-20,L6,Trapp Langern OHG mbH,2024/01/26,775,2020,Caldas da Rainha,RI-6532-11119,Roy and Sons, light 
FB,67,16588.80000,XC-7,L2,Reinhardt,2023/12/11,776,2020,Amarante,DV-2210-32088,Trevino-Turner,2
FA,89,8187.90000,APU-20,L5,Trevino-Turner,2015/03/16,777,2022,Biedenkopf,NV-8045-59598,Stroh,heavy
FC,78,14850.20000,APU-20,L4,Christoph GmbH,"03/17/2015, 00:00:00",778,2020,Harrisbury,EJ-5012-38817,Pinto Gaspar S.A.,normal
FE,117,6649.00000,APU-12,L6,Mitschke,"02/17/2017, 00:00:00",779,2023,Christinehaven,ZL-9914-45051,"Moore, Kennedy and Berger",3
FD,11,4603.10000,APU-15,L4,"Gibbs, Scott and Moore","04/29/2015, 00:00:00",780,2023,Horta,RK-9136-61263,Macedo Faria e Filhos, heavy 
FD,7,10081.00000,APU-12,L5,Trevino-Turner,2017-10-06,781,2022,Naila,KY-8047-34352,Christoph GmbH,1
FE,118,7548.30000,APU-15,L3,Reinhardt,2018-07-29,782,2022,Gomezberg,KW-6816-50581,Zobel,3
FE,38,4483.20000,XC-7,L4,"Rivers, Welch and Hood",2018-12-12,783,2023,Torres Novas,RM-2954-12786,Walker Ltd,L
FD,39,37624.70000,APU-20,L6,Leal Freitas S/A,2015-11-08,784,2014,Trancoso,GL-1663-27639,Amorim, 1 
FE,108,,APU-12,L3,"Hernandez, Malone and Smith",19 May 2022,785,2018,Barbarachester,LE-5853-97318,Hermighausen Weinhold AG & Co. KG,1
FE,119,15166.60000,APU-20,L4,Gutknecht Stiftung & Co. KG,2023-09-05,786,2020,Bruchsal,JX-4510-83273,Huhn KGaA,H
FA,31,10046.10000,XC-7,L1,"Rivers, Welch and Hood",2020-04-21,787,2022,Cartaxo,XL-7638-03398,"Henson, Walker and Pruitt",1
FE,94,8120.70000,XC-7,L6,"Henson, Walker and Pruitt",2020-02-29,788,2022,Christinehaven,NJ-4022-03016,James PLC,3
FE,81,9383.10000,APU-20,L1,Hövel Jopich KG,2024/05/04,789,2022,Bruchsal,TN-6596-45844,Hofmann Bender GmbH,3
FE,97,14842.00000,APU-15,L1,"Barker, Henson and Neal",2015/08/22,790,2020,Guimarães,MK-5820-52976,"Becker, Sanchez and Crawford",L
FA,49,20310.80000,XC-7,L2,Hofmann Bender GmbH,17 Dec 2017,791,2019,Lake Amy,GP-4350-08535,Faria,2
FA,115,9090.60000,XC-7,L4,"Gibbs, Scott and Moore",2019/08/27,792,2022,South Renee,TA-5429-63788,Schenk GmbH,3
FB,6,,APU-20,L4,Trevino-Turner,2024-07-11,793,2022,Ebersberg,AP-2071-83750,Pinho Lopes Lda.,1
FB,77,11644.20000,XC-7,L6,Christoph GmbH,"08/20/2017, 00:00:00",794,2021,Almada,GH-4006-59771,"Carter, Kim and Allen",normal
FB,57,45000.00000,APU-20,L4,Johnson-Garrett,2017/11/25,795,2012,Oranienburg,TA-9248-37124,"Hernandez, Malone and Smith",2
FE,84,18041.80000,APU-12,L4,Hövel Jopich KG,2021/07/17,796,2019,Gomezberg,PV-4032-99497,Reinhardt,3
FC,3,15065.00000,APU-12,L2,"Becker, Sanchez and Crawford",2019-10-28,797,2020,South Sabrina,YO-3899-45009,Johnson-Garrett,1
FA,15,6163.80000,APU-20,L6,James PLC,"06/19/2017, 00:00:00",798,2023,Naila,TA-7040-76337,Pinho Lopes Lda.,light
FD,51,11409.80000,APU-15,L2,"Moore, Kennedy and Berger",07 Oct 2020,799,2021,Torres Vedras,PW-3388-81782,Walker Ltd,H
FA,116,9684.10000,XC-7,L5,Allen-Ferguson,2021/09/30,800,2022,Ochsenfurt,PS-2476-60491,"Moore, Kennedy and Berger",3
FD,95,9670.00000,APU-20,L4,Hofmann Bender GmbH,2023/10/21,801,2022,São Salvador de Lordelo,ET-4714-47829,Teixeira,heavy
FD,80,18135.00000,APU-20,L6,Walker Ltd,2016/05/18,802,2019,New Danielshire,MN-0922-16811,"Gibbs, Scott and Moore",3
FA,38,3742.10000,XC-7,L1,Silva,2015-07-06,803,2023,Nürtingen,NZ-7289-19806,"Becker, Sanchez and Crawford",1
FB,31,6442.30000,APU-15,L2,Hövel Jopich KG,2018-04-09,804,2023,Schleiz,WJ-5854-04803,Reinhardt,1
FB,45,11839.20000,XC-7,L3,Hövel Jopich KG,"04/24/2017, 00:00:00",805,2021,West Nicolechester,TZ-3158-99565,Kraushaar GbR,N
FC,91,6594.40000,APU-15,L5,"Henson, Walker and Pruitt","02/29/2020, 00:00:00",806,2023,Sacavém,GA-2854-84971,Kraushaar GbR,3
FA,11,4465.20000,APU-15,L4,Pinho Lopes Lda.,"06/02/2020, 00:00:00",807,2023,Angelashire,LN-6299-63461,Hermighausen Weinhold AG & Co. KG, 1 
FD,19,45000.00000,XC-7,L2,Roy and Sons,2018/09/12,808,2012,Chaves,US-4158-08941,Trapp Langern OHG mbH,light
FB,12,,APU-15,L3,Silva,2020-07-12,809,2021,South Renee,QV-4245-73796,Macedo Faria e Filhos,H
FB,28,13813.80000,XC-7,L4,Gutknecht Stiftung & Co. KG,31 Jan 2020,810,2021,Nürtingen,OL-2763-40922,Mitschke,light
FD,12,,XC-7,L2,Trapp Langern OHG mbH,13 Dec 2015,811,2019,Barbarachester,TB-4996-50743,Johnson-Garrett,L
FE,92,20721.40000,APU-12,L1,Stroh,2021/10/25,812,2019,Torres Novas,BA-4823-63320,Zobel,3
FC,108,6175.50000,APU-15,L3,Teixeira,2024-07-12,813,2023,Christinehaven,EV-4761-76562,Zobel,med
FC,21,13482.30000,APU-12,L4,Trapp Langern OHG mbH,"08/27/2024, 00:00:00",814,2021,Regen,OJ-8738-50822,Gutknecht Stiftung & Co. KG,heavy
FC,48,23973.20000,APU-15,L1,Rädel Löwer AG,"04/26/2018, 00:00:00",815,2018,Hensleyville,ME-6207-14482,"Becker, Sanchez and Crawford",med
FA,95,11199.20000,XC-7,L6,Gutknecht Stiftung & Co. KG,"05/12/2015, 00:00:00",816,2021,Johnnymouth,UF-7891-18625,"Henson, Walker and Pruitt",heavy
FA,71,35569.90000,APU-15,L6,Teixeira,2022/07/19,817,2014,East Joshuabury,ZN-4061-38461,Walker Ltd,2
FA,53,13242.60000,XC-7,L3,Rogner KG,03 May 2021,818,2021,Genthin,AB-5996-34982,"Gibbs, Scott and Moore",2
FB,31,12961.40000,APU-12,L6,Schenk GmbH,2022-07-22,819,2021,Zerbst,HD-9982-87267,"Becker, Sanchez and Crawford",1
FB,14,5490.80000,APU-12,L2,"Barker, Henson and Neal",2024-06-24,820,2023,Cartaxo,GZ-0461-65311,Huhn KGaA,L
FD,106,21913.00000,APU-12,L6,Walker Ltd,18 Oct 2018,821,2018,New Danielshire,EZ-5150-08040,Mitschke,3
FD,92,7492.40000,XC-7,L6,James PLC,2022/03/23,822,2022,Horta,WK-8013-69239,"Henson, Walker and Pruitt",heavy
FD,110,,APU-20,L2,"Barker, Henson and Neal",22 Sep 2022,823,2018,South Renee,LO-7870-45002,Walker Ltd,heavy
FE,109,10614.30000,APU-12,L1,Zobel,"01/06/2023, 00:00:00",824,2021,Sacavém,KE-1012-47691,Zobel,L
FC,23,7500.80000,APU-20,L2,"Becker, Sanchez and Crawford",20 May 2018,825,2022,Lourosa,HW-9576-74228,Teixeira, med 
FE,69,6339.30000,APU-12,L2,James PLC,20 Apr 2022,826,2023,Christinehaven,LC-2657-28598,Macedo Faria e Filhos,med
FE,97,19951.30000,APU-15,L4,Walker Ltd,2024-11-30,827,2019,Barbarachester,TX-2799-43268,Mitschke, H 
FA,104,24233.20000,XC-7,L1,"Carter, Kim and Allen","12/19/2024, 00:00:00",828,2018,Oranienburg,KB-6920-74725,Hövel Jopich KG,heavy
FA,16,9478.40000,XC-7,L6,Johnson-Garrett,2020/09/16,829,2022,Moura,EI-9400-09515,Johnson-Garrett,1
FA,21,19989.10000,XC-7,L2,Mangold GbR,29 Sep 2020,830,2019,Angermünde,JO-4065-90545,"Hernandez, Malone and Smith",heavy
FC,49,7702.40000,APU-20,L2,Macedo Faria e Filhos,"12/19/2017, 00:00:00",831,2022,Johnfort,YO-0095-00133,"Carter, Kim and Allen",normal
FA,41,3053.10000,APU-15,L4,Mitschke,29 Jun 2015,832,2024,Regen,XI-2367-84012,James PLC, med 
FB,76,14327.10000,APU-12,L1,Mangold GbR,2019/03/11,833,2020,Vila Real,YR-4292-35677,Schenk GmbH,N
FC,39,32834.00000,XC-7,L1,Macedo Faria e Filhos,2022/12/15,834,2015,Bad Freienwalde,RF-5388-15710,Rädel Löwer AG,1
FC,13,12629.00000,APU-15,L3,Johnson-Garrett,2021-10-04,835,2021,Angelashire,BY-8924-76106,Mangold GbR,1
FD,98,,APU-20,L2,Ribeiro,"08/07/2024, 00:00:00",836,2022,Oranienburg,OS-7293-06349,Trevino-Turner,heavy
FD,30,8407.40000,APU-15,L1,"Barker, Henson and Neal",2022-07-03,837,2022,Schleiz,KA-0256-77776,Zobel,L
FD,12,18048.50000,APU-15,L3,Huhn KGaA,2021/03/30,838,2019,Quarteira,ST-3953-13256,Hövel Jopich KG,L
FA,8,10944.50000,APU-15,L1,Allen-Ferguson,2015/07/08,839,2021,West Nicolechester,DE-1597-64704,Christoph GmbH,1
FE,76,8644.40000,APU-12,L5,"Barker, Henson and Neal",2020/03/16,840,2022,Cartaxo,KL-0019-21583,Reinhardt,N
FC,115,7915.60000,APU-12,L2,Gutknecht Stiftung & Co. KG,24 Jan 2015,841,2022,Biedenkopf,VK-8226-35739,Allen-Ferguson,heavy
FA,70,9154.10000,APU-12,L3,Johnson-Garrett,2021/05/25,842,2022,Moniqueside,AL-7692-79337,Pinto Gaspar S.A.,normal
FA,115,19543.70000,APU-15,L4,Faria,"03/02/2016, 00:00:00",843,2019,Kusel,QF-3043-26254,Pinto Gaspar S.A.,heavy
FE,15,5138.60000,APU-15,L2,Rogner KG,"08/09/2023, 00:00:00",844,2023,Torres Vedras,LZ-5897-10396,Zobel,L
FB,36,3566.40000,XC-7,L3,"Henson, Walker and Pruitt",2015-03-29,845,2023,Angermünde,QX-7562-69712,Stroh,L
FC,64,22211.00000,APU-20,L4,Huhn KGaA,2022-01-15,846,2018,Vila Real,AR-3177-48608,Zobel, N 
FD,1,5024.60000,XC-7,L4,Leal Freitas S/A,2022/06/16,847,2023,Ebersberg,BJ-0155-83371,Trapp Langern OHG mbH,light
FA,93,4017.50000,XC-7,L1,Macedo Faria e Filhos,"09/06/2022, 00:00:00",848,2023,Gomezberg,NH-6130-43401,Johnson-Garrett,heavy
FB,10,26005.00000,APU-12,L1,"Henson, Walker and Pruitt",2020-03-14,849,2017,Horta,QW-9233-69935,Faria,light
FB,54,45000.00000,APU-20,L5,Heinrich,"02/04/2022, 00:00:00",850,2012,Naila,PG-0860-38745,"Barker, Henson and Neal",light
FB,21,5769.10000,APU-15,L2,Macedo Faria e Filhos,2017/09/18,851,2023,Johnfort,BI-9089-60396,Hövel Jopich KG,1
FC,69,12092.90000,XC-7,L1,Pinto Gaspar S.A.,2021-05-11,852,2021,West Andrewborough,QJ-8913-73531,Roy and Sons, med 
FB,100,19725.20000,APU-15,L3,Leal Freitas S/A,"04/07/2018, 00:00:00",853,2019,Nordhausen,YK-6400-41816,"Becker, Sanchez and Crawford",3
FD,18,10642.90000,APU-12,L1,Trapp Langern OHG mbH,2020/08/26,854,2021,Ebersberg,VO-3346-99724,Hofmann Bender GmbH,N
FD,103,3032.10000,APU-12,L2,"Hernandez, Malone and Smith",30 Mar 2021,855,2024,New Danielshire,VA-9741-86399,Ribeiro,3
FD,75,7519.80000,APU-12,L3,James PLC,17 Oct 2024,856,2022,Torres Novas,TA-5313-87725,Reinhardt,normal
FE,110,6199.50000,APU-20,L1,Heinrich,2019-08-17,857,2023,Nürtingen,XE-6442-30855,Walker Ltd,3
FD,88,12136.20000,XC-7,L3,James PLC,18 Feb 2022,858,2021,Johnnymouth,LL-6677-08614,"Barker, Henson and Neal",3
FC,114,13693.30000,APU-12,L2,Faria,13 Nov 2021,859,2021,Almada,NT-8806-43861,Pinto Gaspar S.A.,H
FA,49,7778.70000,APU-12,L6,Mangold GbR,2024/09/30,860,2022,Torres Novas,UX-9109-24965,Hofmann Bender GmbH,N
FD,71,4214.30000,APU-20,L4,Roy and Sons,"05/08/2019, 00:00:00",861,2023,Loulé,QV-0385-57811,Trapp Langern OHG mbH,normal
FD,105,14173.60000,APU-12,L6,Pinho Lopes Lda.,22 Oct 2017,862,2020,Nordhausen,RV-0616-25081,Mitschke,1
FD,57,20691.60000,APU-15,L4,Teixeira,2017-05-28,863,2019,Oranienburg,TC-1702-01260,"Becker, Sanchez and Crawford",med
FA,81,3014.20000,APU-15,L1,Macedo Faria e Filhos,"07/19/2024, 00:00:00",864,2024,Sacavém,WX-2552-44355,"Barker, Henson and Neal",H
FE,25,8023.40000,APU-15,L3,Teixeira,2022-06-27,865,2022,Oranienburg,ZV-1338-19755,Mitschke,1
FB,101,6068.10000,APU-20,L4,Kraushaar GbR,2018/11/03,866,2023,Tondela,BK-4404-54835,Pinho Lopes Lda.,2
FD,18,20417.00000,APU-12,L5,Christoph GmbH,"01/25/2019, 00:00:00",867,2019,Bad Freienwalde,BP-5886-07862,"Rivers, Welch and Hood",L
FA,21,18236.10000,APU-15,L2,James PLC,2016/03/12,868,2019,Moniqueside,PU-6627-24376,"Barker, Henson and Neal",light
FB,10,8536.60000,APU-12,L1,Huhn KGaA,2018-08-26,869,2022,Sacavém,AP-7551-59144,Reinhardt,L
FA,36,14540.50000,APU-12,L6,Leal Freitas S/A,"11/03/2018, 00:00:00",870,2020,Port Alanside,WA-3337-06534,Leal Freitas S/A,1
FB,50,9343.10000,XC-7,L5,Rädel Löwer AG,2018/12/24,871,2022,Chaves,MW-5677-28979,Johnson-Garrett,2
FE,50,11377.90000,APU-20,L1,Faria,2018/03/05,872,2021,São Salvador de Lordelo,TN-3023-31872,Leal Freitas S/A,med
FA,46,13639.80000,APU-15,L4,Heinrich,28 May 2023,873,2021,Harrisbury,IZ-0634-37951,"Becker, Sanchez and Crawford",med
FA,7,16761.50000,APU-20,L5,Pinho Lopes Lda.,2015-06-05,874,2020,Gomezberg,AI-2623-53552,Silva,1
FE,16,8706.90000,APU-20,L3,"Henson, Walker and Pruitt",01 Jun 2021,875,2022,Youngfort,SD-5965-46099,Trevino-Turner,light
FD,42,12769.60000,APU-15,L6,"Gibbs, Scott and Moore",17 Aug 2022,876,2021,Gomezberg,JD-4926-89186,Roy and Sons,N
FB,63,41416.70000,XC-7,L4,Kraushaar GbR,"06/07/2020, 00:00:00",877,2013,Johnfort,YA-0487-85075,Faria,normal
FB,13,21101.40000,APU-12,L6,"Rivers, Welch and Hood",2017/12/09,878,2018,Oranienburg,SI-0951-03535,Teixeira,1
FD,54,,APU-20,L5,Stroh,2023/11/12,879,2021,Chaves,PK-4840-88906,Trapp Langern OHG mbH,med
FA,12,17661.90000,APU-12,L2,Hofmann Bender GmbH,"12/08/2015, 00:00:00",880,2019,Ochsenfurt,UJ-2517-34848,Reinhardt,H
FB,46,10935.50000,APU-12,L2,James PLC,16 Oct 2023,881,2021,Ochsenfurt,AU-0246-40132,Macedo Faria e Filhos,med
FD,28,,APU-15,L6,"Barker, Henson and Neal",2015-09-29,882,2022,Oranienburg,QB-3042-34487,Stroh,light
FE,119,10337.50000,APU-12,L6,"Moore, Kennedy and Berger","05/28/2018, 00:00:00",883,2022,Caldas da Rainha,SU-9311-30415,Teixeira,H
FA,11,8961.60000,APU-12,L6,Allen-Ferguson,2015-05-16,884,2022,Amarante,LQ-8965-37249,Faria,L
FC,19,5468.90000,APU-20,L2,Stroh,23 Jan 2016,885,2023,São João da Madeira,UQ-6316-72956,Walker Ltd,2
FE,100,14332.10000,APU-20,L2,"Barker, Henson and Neal",06 Jul 2017,886,2020,Leeberg,VT-2084-78433,Ribeiro,L
FB,78,3292.80000,XC-7,L3,"Rivers, Welch and Hood",2024/08/09,887,2024,Cartaxo,HK-1360-90640,Rogner KG,N
FB,20,8342.20000,XC-7,L6,Kraushaar GbR,23 Jun 2022,888,2022,Trancoso,EG-0847-24292,Roy and Sons, light 
FB,78,5389.40000,XC-7,L2,Reinhardt,"11/06/2024, 00:00:00",889,2023,Ochsenfurt,QI-6515-99421,Leal Freitas S/A,normal
FB,28,13051.20000,APU-15,L4,"Gibbs, Scott and Moore",27 Aug 2016,890,2021,São João da Madeira,FZ-2832-46566,Hermighausen Weinhold AG & Co. KG,1
FE,57,26006.30000,XC-7,L6,Kraushaar GbR,04 Jan 2022,891,2017,New Danielshire,NW-9910-85861,Gutknecht Stiftung & Co. KG,heavy
FA,21,11593.50000,APU-12,L6,Kraushaar GbR,24 Oct 2020,892,2021,Gomezberg,KB-8192-98875,Trevino-Turner,1
FB,115,5065.10000,APU-20,L5,Stroh,26 May 2023,893,2023,Caldas da Rainha,DH-6778-49312,Macedo Faria e Filhos,2
FC,48,14132.60000,APU-15,L5,Hermighausen Weinhold AG & Co. KG,17 Dec 2020,894,2020,East Joshuabury,MO-6857-79550,Christoph GmbH,med
FD,54,5323.30000,XC-7,L3,"Carter, Kim and Allen",2017/03/07,895,2023,Trancoso,SR-1629-39293,Faria,light
FA,96,5602.10000,APU-20,L3,"Moore, Kennedy and Berger",2018/11/20,896,2023,Youngfort,YN-7912-68650,"Gibbs, Scott and Moore",2
FB,27,13220.20000,APU-12,L1,James PLC,2024/02/10,897,2021,Cartaxo,MO-7071-49161,Mitschke,L
FD,103,,XC-7,L2,Ribeiro,24 Nov 2019,898,2023,Johnfort,GZ-9354-86219,Hofmann Bender GmbH,heavy
FD,13,6508.40000,APU-20,L2,Ribeiro,2017-07-29,899,2023,Moura,KS-7919-25780,"Carter, Kim and Allen",L
FA,18,14325.70000,APU-15,L1,"Moore, Kennedy and Berger",2023/04/25,900,2020,Hensleyville,YK-8775-33196,Amorim,L
FC,0,7559.60000,APU-12,L3,Rädel Löwer AG,"10/04/2015, 00:00:00",901,2022,Amarante,OU-8053-99378,Silva,3
FB,106,26195.90000,APU-12,L3,Leal Freitas S/A,30 May 2023,902,2017,Johnnymouth,LJ-6856-74766,"Becker, Sanchez and Crawford",light
FD,24,8111.20000,APU-12,L6,Schenk GmbH,2016/10/02,903,2022,Póvoa de Santa Iria,LQ-6275-39422,Johnson-Garrett,1
FB,59,14498.50000,APU-12,L5,Mitschke,2016-04-12,904,2020,Zerbst,CU-8016-66243,Silva, normal 
FB,35,11226.90000,XC-7,L3,Pinho Lopes Lda.,20 May 2018,905,2021,Torres Vedras,ZS-3618-54641,Rogner KG,light
FA,37,19186.10000,APU-20,L5,"Rivers, Welch and Hood",2022/12/31,906,2019,São João da Madeira,TM-4413-27716,Christoph GmbH,L
FB,33,6262.00000,APU-15,L4,"Rivers, Welch and Hood","01/17/2017, 00:00:00",907,2023,Quarteira,HK-9762-95761,Hermighausen Weinhold AG & Co. KG,L
FB,101,8773.90000,APU-12,L3,Kraushaar GbR,2018-06-20,908,2022,Lake Amy,UU-1513-33765,Reinhardt,normal
FB,43,30224.00000,APU-15,L5,Trapp Langern OHG mbH,"11/17/2024, 00:00:00",909,2016,Póvoa de Santa Iria,WT-1892-38173,Kraushaar GbR,med
FC,105,15230.90000,APU-20,L6,Johnson-Garrett,2019/08/17,910,2020,Moniqueside,AA-3277-01673,"Carter, Kim and Allen",normal
FA,96,15765.50000,APU-20,L5,Mitschke,29 May 2022,911,2020,Zerbst,JW-2780-37410,James PLC,heavy
FA,71,,XC-7,L5,Amorim,26 Sep 2018,912,2019,Macedo de Cavaleiros,EX-6377-01008,Amorim,2
FD,99,3416.20000,XC-7,L5,Macedo Faria e Filhos,"07/28/2021, 00:00:00",913,2024,Moura,KC-3503-14121,Faria,3
FC,42,16146.30000,XC-7,L5,"Henson, Walker and Pruitt",2016/10/23,914,2020,Angelashire,PO-0424-36622,Trevino-Turner,normal
FC,28,9023.80000,APU-12,L6,"Becker, Sanchez and Crawford","07/13/2024, 00:00:00",915,2022,Naila,TM-1504-56967,Hövel Jopich KG, normal 
FC,28,13620.40000,APU-15,L6,Zobel,2024-01-05,916,2021,Barbarachester,PJ-3543-49631,"Moore, Kennedy and Berger", L 
FE,52,8750.70000,APU-12,L1,Rädel Löwer AG,2021/07/06,917,2022,Gifhorn,NW-2194-74543,Silva,med
FD,9,,APU-12,L2,Macedo Faria e Filhos,"03/14/2015, 00:00:00",918,2012,Vila Real,AH-5269-16765,Huhn KGaA,heavy
FA,49,7203.70000,APU-15,L2,Christoph GmbH,2024-05-23,919,2022,East Joshuabury,WS-5606-28514,James PLC,N
FD,102,,APU-15,L3,Leal Freitas S/A,"06/26/2024, 00:00:00",920,2020,Oranienburg,YY-8654-55053,"Carter, Kim and Allen",1
FE,109,8805.20000,XC-7,L1,Heinrich,2016-04-24,921,2022,Oranienburg,YL-7092-52067,Gutknecht Stiftung & Co. KG,H
FB,45,12058.00000,APU-20,L5,Macedo Faria e Filhos,24 Aug 2018,922,2021,Johnfort,PP-9862-32480,Trevino-Turner,normal
FC,85,10077.60000,APU-12,L6,Schenk GmbH,2019/02/05,923,2022,Trancoso,IS-4528-19488,Pinho Lopes Lda.,med
FB,98,11254.60000,XC-7,L4,Macedo Faria e Filhos,2016-10-13,924,2021,Loulé,RL-8030-68500,"Henson, Walker and Pruitt",heavy
FD,105,6582.80000,XC-7,L4,Heinrich,2016-07-02,925,2023,Sacavém,WS-6098-28091,Hermighausen Weinhold AG & Co. KG,H
FC,78,13356.80000,APU-20,L4,Rogner KG,22 Apr 2021,926,2021,Naila,KH-8170-67570,"Becker, Sanchez and Crawford",2
FD,89,18866.00000,APU-20,L4,James PLC,2022/12/05,927,2019,Torres Novas,BM-4682-95944,Gutknecht Stiftung & Co. KG,N
FC,69,8354.60000,XC-7,L4,Pinho Lopes Lda.,2017/08/17,928,2022,Macedo de Cavaleiros,CQ-9389-29132,Macedo Faria e Filhos, normal 
FB,87,8301.00000,XC-7,L5,Ribeiro,13 Aug 2019,929,2022,Sacavém,RO-5310-72461,Pinho Lopes Lda.,heavy
FB,56,12469.50000,APU-15,L2,Silva,"07/09/2024, 00:00:00",930,2021,Macedo de Cavaleiros,MY-0073-25231,"Becker, Sanchez and Crawford",2
FB,76,12674.10000,XC-7,L1,Huhn KGaA,2023-02-03,931,2021,South Sabrina,VN-0067-85049,Pinho Lopes Lda.,2
FE,20,25951.30000,APU-15,L5,Silva,30 May 2021,932,2017,East Joshuabury,HO-4481-91868,Rogner KG, L 
FC,14,9986.30000,APU-15,L5,Rädel Löwer AG,2019/01/05,933,2022,São João da Madeira,WF-3635-50148,James PLC, light 
FD,89,17448.20000,APU-15,L6,Zobel,16 Mar 2021,934,2020,Schleiz,CR-2677-94687,Stroh,3
FE,72,12360.90000,APU-15,L6,"Barker, Henson and Neal",24 Mar 2024,935,2021,New Danielshire,RE-4057-61785,Leal Freitas S/A,N
FC,14,2668.20000,APU-20,L6,Mitschke,27 May 2020,936,2024,Regen,CH-0662-29658,"Carter, Kim and Allen",1
FB,85,12781.50000,XC-7,L2,Rädel Löwer AG,"08/30/2017, 00:00:00",937,2021,Leeberg,TU-7941-77344,"Rivers, Welch and Hood",heavy
FB,11,8617.40000,APU-20,L1,Macedo Faria e Filhos,2018-04-30,938,2022,Ochsenfurt,TK-7698-72351,James PLC,light
FD,90,4058.30000,APU-20,L2,Heinrich,2023/06/16,939,2023,South Sabrina,OQ-3171-70079,Kraushaar GbR, heavy 
FC,95,14476.10000,APU-15,L1,James PLC,30 May 2015,940,2020,South Renee,JP-0785-06118,"Gibbs, Scott and Moore",H
FD,76,7772.90000,APU-12,L2,Leal Freitas S/A,08 Dec 2019,941,2022,Kusel,EN-2443-54585,Christoph GmbH,heavy
FB,53,5723.90000,APU-20,L5,Macedo Faria e Filhos,"09/25/2024, 00:00:00",942,2023,Naila,RH-9559-70760,"Rivers, Welch and Hood",N
FD,71,2542.30000,APU-15,L6,James PLC,"05/08/2023, 00:00:00",943,2024,Moniqueside,GI-6555-26602,Pinto Gaspar S.A.,N
FA,23,20557.50000,APU-20,L6,Heinrich,06 Aug 2018,944,2019,Nürtingen,DG-8987-38878,Heinrich,light
FD,36,12353.10000,APU-12,L1,Stroh,2016-02-19,945,2021,Angermünde,KR-9170-13745,Teixeira,1
FE,109,4669.80000,APU-12,L4,Rogner KG,2016-06-28,946,2023,Guimarães,IF-3729-38766,Hövel Jopich KG, H 
FB,78,10881.10000,XC-7,L6,Mitschke,"04/10/2023, 00:00:00",947,2021,Amarante,LP-4563-40413,"Rivers, Welch and Hood",N
FC,2,13294.80000,APU-12,L3,Hövel Jopich KG,"01/17/2017, 00:00:00",948,2021,Biedenkopf,CY-5364-90425,Leal Freitas S/A,1
FA,112,7606.40000,APU-20,L1,Walker Ltd,"06/20/2024, 00:00:00",949,2022,Bruchsal,YU-4240-73770,Ribeiro,H
FD,112,9345.80000,APU-20,L1,"Henson, Walker and Pruitt",2022-12-16,950,2022,Loulé,GV-7542-55590,Ribeiro,H
FE,100,12659.80000,XC-7,L3,Leal Freitas S/A,2020-01-31,951,2021,Nordhausen,WQ-2544-11198,"Barker, Henson and Neal", 3 
FA,60,3997.90000,APU-20,L3,Hofmann Bender GmbH,2022-09-04,952,2023,Moura,VI-2078-27297,Reinhardt,N
FB,12,12561.80000,APU-12,L4,Mangold GbR,"11/15/2015, 00:00:00",953,2021,Ebersberg,UD-6363-29714,Faria,light
FD,64,8969.90000,APU-15,L2,Leal Freitas S/A,"06/29/2023, 00:00:00",954,2022,Angermünde,WQ-4699-60773,Silva,med
FE,72,22260.20000,XC-7,L3,Walker Ltd,"05/27/2017, 00:00:00",955,2018,Gifhorn,FP-8686-12583,Walker Ltd, L 
FB,7,10665.20000,APU-12,L3,"Carter, Kim and Allen",2018/10/25,956,2021,Moura,HS-4880-50973,Trapp Langern OHG mbH,L
FA,83,16476.60000,APU-15,L4,"Moore, Kennedy and Berger",18 Sep 2020,957,2020,Macedo de Cavaleiros,RU-1680-96515,Amorim,heavy
FC,42,11509.90000,APU-12,L5,Zobel,2021/11/26,958,2021,Harrisbury,NS-6560-61221,Mangold GbR,2
FA,32,22303.80000,XC-7,L2,Gutknecht Stiftung & Co. KG,22 Feb 2022,959,2018,Christinehaven,CT-7696-97157,Schenk GmbH,L
FA,83,4183.60000,APU-15,L1,Leal Freitas S/A,13 Apr 2018,960,2023,Harrisbury,KA-0318-04620,Allen-Ferguson,3
FD,39,13769.10000,APU-12,L5,"Henson, Walker and Pruitt",2021-08-18,961,2021,Angelashire,ZB-6632-86150,Trevino-Turner,light
FA,83,23614.00000,APU-15,L3,"Becker, Sanchez and Crawford","03/26/2015, 00:00:00",962,2018,São João da Madeira,DW-2416-60985,Trapp Langern OHG mbH,H
FA,23,7048.30000,APU-12,L5,Rogner KG,2021-02-02,963,2022,Schleiz,RZ-0490-49101,Rogner KG, L 
FB,24,7910.80000,APU-12,L4,Pinho Lopes Lda.,27 Mar 2016,964,2022,Klötze,DB-0749-01497,Trevino-Turner,N
FA,0,5517.70000,APU-20,L1,Hofmann Bender GmbH,"06/07/2018, 00:00:00",965,2023,Christinehaven,IA-9550-39779,Schenk GmbH,light
FE,23,8836.60000,APU-20,L6,"Moore, Kennedy and Berger",2020-02-04,966,2022,West Andrewborough,ST-2304-62354,Macedo Faria e Filhos,1
FC,88,15850.10000,XC-7,L6,"Carter, Kim and Allen",2017/01/26,967,2020,Tondela,JV-0300-61784,Trapp Langern OHG mbH,3
FC,95,9408.40000,APU-20,L4,"Rivers, Welch and Hood","02/28/2023, 00:00:00",968,2022,Johnfort,JT-1290-57787,Allen-Ferguson, N 
FA,46,20408.90000,XC-7,L3,Rogner KG,06 Nov 2021,969,2019,Amarante,NC-2521-91346,"Gibbs, Scott and Moore",med
FB,92,13489.80000,APU-15,L3,James PLC,"11/19/2023, 00:00:00",970,2021,Oranienburg,OZ-1766-41488,Amorim, 3 
FC,12,,APU-12,L3,"Carter, Kim and Allen",21 Feb 2017,971,2024,Biedenkopf,AO-2012-83463,James PLC,3
FE,52,35291.90000,XC-7,L5,Schenk GmbH,2016-01-05,972,2014,Angermünde,RV-1474-63229,Trapp Langern OHG mbH,1
FA,60,23586.20000,APU-20,L2,Hövel Jopich KG,"06/25/2023, 00:00:00",973,2018,Tondela,NM-3443-48504,"Moore, Kennedy and Berger",med
FE,65,12685.20000,XC-7,L4,Huhn KGaA,06 Jan 2021,974,2021,Quarteira,EN-1269-71962,Silva,H
FB,103,9550.70000,APU-20,L5,Stroh,2024/03/13,975,2022,South Sabrina,WW-4208-40175,"Barker, Henson and Neal",H
FB,77,18416.80000,APU-12,L2,Macedo Faria e Filhos,"10/01/2018, 00:00:00",976,2019,Nordhausen,PX-3386-08251,Stroh,normal
FC,10,15842.00000,APU-15,L4,Pinto Gaspar S.A.,2016/01/27,977,2020,South Renee,EX-1756-06714,Hermighausen Weinhold AG & Co. KG,light
FB,98,12537.00000,APU-15,L3,Hermighausen Weinhold AG & Co. KG,2022-09-01,978,2021,Genthin,TK-9691-42170,Reinhardt,heavy
FC,101,4136.30000,APU-20,L2,Walker Ltd,2016-11-30,979,2023,Harrisbury,UM-5374-25557,Allen-Ferguson,heavy
FD,40,10801.70000,APU-20,L4,"Rivers, Welch and Hood","06/30/2017, 00:00:00",980,2021,Gifhorn,GY-9869-81505,Zobel,L
FC,20,13537.70000,APU-12,L3,Walker Ltd,03 Jun 2021,981,2021,Angelashire,GY-4714-12404,Trevino-Turner,L
FE,5,21304.70000,APU-20,L2,Hövel Jopich KG,2016/08/04,982,2018,Loulé,WK-4690-83819,"Barker, Henson and Neal",L
FD,62,14770.90000,APU-12,L1,Walker Ltd,2018-02-12,983,2020,Sacavém,EM-8124-45219,Hermighausen Weinhold AG & Co. KG,med
FC,60,4366.60000,APU-20,L4,Amorim,"12/25/2017, 00:00:00",984,2023,Angelashire,YV-3638-72377,Reinhardt,N
FE,97,18546.60000,APU-12,L6,"Rivers, Welch and Hood",2017/06/01,985,2019,Hensleyville,LD-4686-26814,Mangold GbR,H
FC,72,13684.70000,APU-20,L5,Zobel,20 Dec 2017,986,2021,Torres Vedras,JF-3600-95643,Pinto Gaspar S.A.,N
FA,58,5353.90000,XC-7,L5,Stroh,26 Apr 2020,987,2023,Genthin,GJ-5064-79282,Pinto Gaspar S.A.,normal
FE,101,,APU-12,L4,Roy and Sons,19 Sep 2021,988,2021,Hensleyville,FS-6275-34080,Kraushaar GbR, 2 
FA,62,20884.80000,APU-12,L6,Rogner KG,2016/03/17,989,2019,Bad Freienwalde,LM-4902-37545,Faria,2
FA,52,18093.10000,APU-20,L4,Pinto Gaspar S.A.,04 Dec 2021,990,2019,Lake Amy,HA-0147-23830,Teixeira,normal
FD,27,36708.60000,APU-20,L1,Pinho Lopes Lda.,05 Dec 2024,991,2014,Nordhausen,EC-1078-98122,Rädel Löwer AG,1
FC,31,16672.70000,APU-15,L5,Stroh,2023-11-20,992,2020,Angermünde,ZA-0304-13312,Trapp Langern OHG mbH,L
FE,4,19335.40000,APU-15,L6,Pinho Lopes Lda.,13 Aug 2015,993,2019,West Andrewborough,VT-4345-41716,James PLC,N
FD,111,9158.10000,APU-15,L1,"Gibbs, Scott and Moore",09 Oct 2018,994,2022,New Danielshire,VP-7158-46968,Trevino-Turner,heavy
FB,97,5878.30000,APU-20,L1,James PLC,05 May 2024,995,2023,São Salvador de Lordelo,SM-1772-95009,Ribeiro,L
FB,15,18395.70000,APU-15,L3,Christoph GmbH,26 Apr 2016,996,2019,Caldas da Rainha,LV-4827-97857,Trevino-Turner,light
FD,111,8999.40000,APU-12,L5,Mitschke,"09/02/2022, 00:00:00",997,2022,Genthin,SW-3699-03138,Kraushaar GbR,1
FE,8,,APU-12,L1,"Becker, Sanchez and Crawford",2023/06/30,998,2023,Leeberg,ZW-6262-96402,Schenk GmbH,light
FD,1,10324.90000,APU-20,L2,Leal Freitas S/A,2019-07-15,999,2022,Macedo de Cavaleiros,VG-2896-00553,James PLC,L
FB,42,45000.00000,APU-12,L6,Rädel Löwer AG,13 Mar 2020,1000,2012,Klötze,NU-2244-76636,Mitschke,med
FE,40,11989.70000,APU-12,L6,Amorim,2024/04/28,1001,2021,Angelashire,MB-0381-56282,"Becker, Sanchez and Crawford", 1 
FB,1,16073.00000,APU-12,L4,Heinrich,2016-07-04,1002,2020,Horta,NR-0269-66587,Mangold GbR, L 
FE,12,15866.80000,APU-12,L1,Mitschke,2021-07-24,1003,2020,Ebersberg,VQ-3040-18068,Zobel,light
FB,45,15748.50000,APU-20,L3,Allen-Ferguson,2024/10/12,1004,2020,São João da Madeira,OD-5586-29807,Trapp Langern OHG mbH,N
FE,1,8266.90000,APU-20,L4,"Henson, Walker and Pruitt",2020-08-22,1005,2022,Cartaxo,OU-4995-98535,Christoph GmbH,light
FB,15,6147.00000,APU-15,L5,Walker Ltd,"01/17/2015, 00:00:00",1006,2023,Fiães,UO-4247-22303,"Henson, Walker and Pruitt",light
FB,9,13211.40000,APU-15,L4,Roy and Sons,2020/09/01,1007,2021,Loulé,EZ-8693-69178,"Rivers, Welch and Hood",L
FC,94,9577.00000,APU-12,L3,"Rivers, Welch and Hood",2020-10-23,1008,2022,Moura,VH-3325-01506,Leal Freitas S/A, 3 
FB,77,35133.70000,XC-7,L4,"Barker, Henson and Neal","04/25/2016, 00:00:00",1009,2014,Gomezberg,IL-4485-19283,"Henson, Walker and Pruitt",N
FB,54,15572.30000,APU-20,L6,Christoph GmbH,"10/23/2022, 00:00:00",1010,2020,Ochsenfurt,JW-9939-76643,Zobel,normal
FE,58,11108.00000,APU-20,L1,Pinho Lopes Lda.,2020/07/01,1011,2021,Port Alanside,KX-7219-16220,James PLC,L
FB,72,,APU-20,L2,Hofmann Bender GmbH,13 Aug 2015,1012,2018,Biedenkopf,MM-6967-94062,"Rivers, Welch and Hood", N 
FD,36,7363.20000,APU-12,L2,Stroh,"11/17/2018, 00:00:00",1013,2022,Naila,GN-4888-49960,"Carter, Kim and Allen", L 
FD,73,14497.40000,XC-7,L2,Mitschke,"06/26/2022, 00:00:00",1014,2020,Naila,ZJ-8130-00718,Ribeiro,N
FD,88,10622.70000,APU-12,L2,Trevino-Turner,"02/03/2016, 00:00:00",1015,2021,Port Alanside,PP-7862-32912,"Barker, Henson and Neal",H
FD,111,13992.10000,XC-7,L3,Hermighausen Weinhold AG & Co. KG,2020/02/05,1016,2021,Bruchsal,HC-8841-07840,Zobel,heavy
FC,3,8115.70000,XC-7,L4,James PLC,2015-01-21,1017,2022,Schleiz,BK-5975-68925,Huhn KGaA,1
FA,92,20616.80000,APU-20,L5,Reinhardt,"10/07/2020, 00:00:00",1018,2019,Oranienburg,KO-6703-71903,Reinhardt,H
FC,78,4665.80000,APU-12,L4,Roy and Sons,07 Mar 2019,1019,2023,Biedenkopf,BW-3345-52541,Schenk GmbH,normal
FC,91,22258.30000,XC-7,L2,Zobel,2017-01-22,1020,2018,Biedenkopf,PT-4530-14848,Kraushaar GbR,N
FA,51,25553.90000,APU-12,L5,"Carter, Kim and Allen","04/29/2022, 00:00:00",1021,2017,Youngfort,UG-1273-34881,Trevino-Turner,light
FB,0,11839.20000,APU-15,L1,James PLC,"07/03/2015, 00:00:00",1022,2021,São Salvador de Lordelo,DE-7245-92655,Ribeiro,normal
FE,82,17733.50000,APU-20,L5,Gutknecht Stiftung & Co. KG,01 Jun 2019,1023,2019,Naila,MR-9660-80839,"Hernandez, Malone and Smith",normal
FB,86,4748.10000,APU-15,L5,Walker Ltd,2023-07-02,1024,2023,Caldas da Rainha,XV-0903-30695,Rädel Löwer AG,3
FB,27,14621.60000,APU-20,L2,Schenk GmbH,"07/27/2018, 00:00:00",1025,2020,Fiães,JT-0916-62112,Mitschke,light
FB,58,15988.10000,APU-20,L3,Stroh,"04/03/2023, 00:00:00",1026,2020,Naila,MF-6400-51304,Zobel,2
FB,62,25807.60000,APU-12,L6,Roy and Sons,2019/06/12,1027,2017,Nürtingen,YD-0464-97156,Pinto Gaspar S.A.,normal
FA,90,11045.70000,XC-7,L6,Huhn KGaA,2016-03-15,1028,2021,Johnfort,HA-3632-00422,Christoph GmbH,heavy
FC,89,6117.70000,XC-7,L6,Huhn KGaA,2017/04/04,1029,2023,Moniqueside,CD-9004-42224,Trapp Langern OHG mbH,heavy
FC,83,10278.90000,APU-15,L6,Macedo Faria e Filhos,31 Mar 2019,1030,2022,Angelashire,QE-5522-87105,Gutknecht Stiftung & Co. KG,H
FA,7,6116.20000,APU-15,L5,Reinhardt,"12/28/2024, 00:00:00",1031,2023,Kusel,DA-2546-55109,Hofmann Bender GmbH,1
FE,14,8166.70000,XC-7,L1,Zobel,07 Jun 2018,1032,2022,Nürtingen,OI-6536-46237,Hermighausen Weinhold AG & Co. KG,L
FE,29,12112.60000,APU-12,L3,"Barker, Henson and Neal",2023/11/05,1033,2021,Chaves,VF-6335-15124,Teixeira,1
FE,115,15669.80000,APU-15,L2,Leal Freitas S/A,2016-02-28,1034,2020,Torres Novas,WG-7908-17432,Johnson-Garrett,H
FD,89,8955.30000,XC-7,L1,Trapp Langern OHG mbH,2024/08/09,1035,2022,Cartaxo,FB-6395-48864,Walker Ltd, heavy 
FD,22,32569.20000,APU-12,L1,Pinto Gaspar S.A.,18 Jun 2019,1036,2015,Ochsenfurt,NK-2600-41628,Trapp Langern OHG mbH, light 
FB,74,4097.70000,APU-15,L2,Amorim,"11/20/2019, 00:00:00",1037,2023,Oranienburg,XT-1929-14955,"Rivers, Welch and Hood",med
FB,101,4574.50000,APU-12,L2,"Hernandez, Malone and Smith",2019-08-28,1038,2023,East Joshuabury,TA-4863-37516,Walker Ltd,3
FA,9,10226.90000,XC-7,L2,Leal Freitas S/A,"01/22/2016, 00:00:00",1039,2022,West Nicolechester,AN-4182-77915,Hermighausen Weinhold AG & Co. KG,L
FA,71,4643.50000,APU-12,L5,Kraushaar GbR,2017/02/12,1040,2023,Youngfort,ZI-1063-26930,Gutknecht Stiftung & Co. KG,light
FA,18,10867.10000,APU-12,L4,Leal Freitas S/A,2022-03-31,1041,2021,Moniqueside,CZ-5595-15945,Rädel Löwer AG,L
FD,99,14113.90000,APU-20,L1,Zobel,2015/11/06,1042,2020,Nürtingen,EO-0424-58888,Rogner KG,H
FB,57,25088.10000,APU-12,L1,Huhn KGaA,"07/12/2023, 00:00:00",1043,2017,Guimarães,LP-9207-20726,"Moore, Kennedy and Berger",2
FB,12,39791.50000,APU-12,L4,Huhn KGaA,09 Nov 2017,1044,2013,Lake Amy,BU-8935-51319,Silva,light
FC,53,5233.10000,XC-7,L6,Mangold GbR,2016/01/23,1045,2023,Torres Vedras,LB-6077-45389,Christoph GmbH,1
FA,8,7107.80000,APU-15,L6,Heinrich,2018/01/12,1046,2022,Torres Vedras,SA-7791-83208,"Rivers, Welch and Hood",L
FB,73,8637.30000,APU-12,L1,Reinhardt,"02/08/2018, 00:00:00",1047,2022,Quarteira,VT-5989-24287,Trevino-Turner,N
FB,36,20132.40000,XC-7,L1,Pinho Lopes Lda.,25 May 2017,1048,2019,Barbarachester,ER-6825-56364,Pinto Gaspar S.A.,1
FD,105,16113.00000,XC-7,L2,"Becker, Sanchez and Crawford",2017-08-18,1049,2020,Moura,FT-3886-18505,"Barker, Henson and Neal",N
FB,46,,XC-7,L3,Reinhardt,04 Mar 2015,1050,2023,Cartaxo,VO-1098-70680,"Becker, Sanchez and Crawford",2
FA,93,7235.10000,APU-20,L3,"Barker, Henson and Neal","10/24/2021, 00:00:00",1051,2022,Naila,GC-9798-36305,Schenk GmbH,heavy
FE,58,16142.40000,XC-7,L4,Hofmann Bender GmbH,26 Mar 2020,1052,2020,Leeberg,MY-6100-02843,"Moore, Kennedy and Berger",normal
FD,64,3632.20000,APU-12,L4,Pinto Gaspar S.A.,2019-06-25,1053,2023,New Danielshire,CQ-2142-84229,"Moore, Kennedy and Berger",med
FE,72,4798.40000,APU-12,L1,Teixeira,2023-10-01,1054,2023,Oranienburg,JM-3764-69688,Mitschke,2
FA,66,12741.60000,APU-20,L6,Pinho Lopes Lda.,2020-10-12,1055,2021,Tondela,ZE-7452-41187,Ribeiro,3
FC,83,10063.70000,APU-20,L2,Mangold GbR,"07/30/2022, 00:00:00",1056,2022,West Nicolechester,UL-0842-41674,Gutknecht Stiftung & Co. KG,N
FA,77,6125.50000,XC-7,L2,Hermighausen Weinhold AG & Co. KG,21 Jul 2023,1057,2023,Chaves,IX-7999-88653,Schenk GmbH,2
FA,112,7116.10000,XC-7,L4,Leal Freitas S/A,06 Jan 2017,1058,2022,Bad Freienwalde,SG-5115-47740,Pinto Gaspar S.A.,H
FE,33,9373.90000,XC-7,L3,Huhn KGaA,05 Jan 2016,1059,2022,Tondela,OT-3719-45215,Mitschke,1
FC,12,11720.30000,XC-7,L4,Hermighausen Weinhold AG & Co. KG,"03/21/2017, 00:00:00",1060,2021,Moura,YL-6953-99520,"Rivers, Welch and Hood",1
FE,25,11667.90000,APU-15,L2,"Hernandez, Malone and Smith",02 Jan 2023,1061,2021,São Salvador de Lordelo,DV-8381-94730,Schenk GmbH,H
FC,33,19991.60000,XC-7,L1,Mangold GbR,2022-12-02,1062,2019,New Danielshire,XP-0513-74106,"Moore, Kennedy and Berger", L 
FB,90,10381.00000,APU-20,L6,Leal Freitas S/A,02 May 2015,1063,2022,São Salvador de Lordelo,DE-7410-82353,Johnson-Garrett,H
FA,103,7330.10000,APU-20,L5,Christoph GmbH,2023/05/14,1064,2022,Leeberg,NA-1217-47706,Silva,heavy
FA,91,10409.10000,XC-7,L4,Roy and Sons,"06/05/2020, 00:00:00",1065,2022,Barbarachester,ZE-4091-57719,"Henson, Walker and Pruitt",H
FB,66,5059.70000,APU-12,L3,Hövel Jopich KG,2020/11/03,1066,2023,São Salvador de Lordelo,NY-2098-85568,Hermighausen Weinhold AG & Co. KG,N
FC,25,10060.70000,APU-15,L2,Trevino-Turner,"04/17/2022, 00:00:00",1067,2022,West Andrewborough,NI-2792-57149,Silva,light
FD,84,16167.20000,XC-7,L6,Gutknecht Stiftung & Co. KG,2015-11-18,1068,2020,Regen,LC-7331-94658,Amorim,heavy
FE,20,19979.80000,APU-12,L3,Mangold GbR,"02/20/2017, 00:00:00",1069,2019,São João da Madeira,TC-5175-24747,Reinhardt,3
FD,24,18086.30000,APU-20,L5,Gutknecht Stiftung & Co. KG,2016/09/17,1070,2019,Quarteira,HS-7667-84861,"Rivers, Welch and Hood",light
FC,61,21113.30000,XC-7,L4,Mangold GbR,2023-09-11,1071,2018,Gomezberg,CR-4942-16951,"Hernandez, Malone and Smith",2
FC,75,6464.00000,APU-20,L6,Hövel Jopich KG,13 Jun 2019,1072,2023,Macedo de Cavaleiros,YE-7697-27953,Hövel Jopich KG,med
FD,59,2684.00000,APU-20,L3,"Barker, Henson and Neal",2015/09/06,1073,2024,Bad Freienwalde,JI-0973-66367,Macedo Faria e Filhos,N
FD,28,10166.70000,APU-15,L3,Schenk GmbH,"10/05/2022, 00:00:00",1074,2022,Trancoso,NE-6740-24737,Teixeira,L
FC,63,10130.50000,XC-7,L3,"Henson, Walker and Pruitt",24 Oct 2018,1075,2022,Loulé,SZ-2832-88882,Leal Freitas S/A, med 
FD,59,13987.00000,APU-12,L4,Mangold GbR,2017/01/18,1076,2021,West Nicolechester,MV-2890-09998,Ribeiro,normal
FB,87,10886.80000,APU-15,L5,Walker Ltd,2022/02/22,1077,2021,Gifhorn,HG-8161-03497,Kraushaar GbR,H
FE,57,9763.80000,APU-15,L1,Mangold GbR,2024-03-16,1078,2022,Klötze,ON-9228-47162,"Rivers, Welch and Hood",med
FB,3,13931.80000,APU-15,L2,Trevino-Turner,2022-10-29,1079,2021,Regen,WI-1030-94501,Rogner KG,1
FD,42,6750.50000,APU-12,L1,Leal Freitas S/A,"05/10/2023, 00:00:00",1080,2023,Lake Amy,KL-9768-92165,"Becker, Sanchez and Crawford",2
FE,49,15839.80000,XC-7,L5,Huhn KGaA,2016-04-26,1081,2020,Fiães,GT-9502-80908,Zobel,2
FD,71,5812.30000,APU-20,L1,Leal Freitas S/A,26 Apr 2021,1082,2023,Torres Vedras,CH-5217-82512,"Hernandez, Malone and Smith", med 
FC,19,8871.90000,APU-12,L1,Rogner KG,2015/01/20,1083,2022,West Nicolechester,UG-7438-45090,Huhn KGaA,L
FD,115,4524.20000,APU-15,L3,Leal Freitas S/A,2019-10-22,1084,2023,Horta,RL-9052-05555,Schenk GmbH,L
FC,31,10798.80000,XC-7,L2,"Moore, Kennedy and Berger","03/24/2017, 00:00:00",1085,2021,Hensleyville,SU-6124-55875,Hövel Jopich KG,1
FD,67,4375.20000,APU-12,L6,"Henson, Walker and Pruitt","01/14/2016, 00:00:00",1086,2023,Guimarães,JR-2652-59258,Mitschke,2
FE,21,12849.30000,APU-20,L2,Hövel Jopich KG,2020/04/01,1087,2021,São João da Madeira,TY-6711-59787,"Henson, Walker and Pruitt",H
FC,37,14939.90000,APU-12,L5,Reinhardt,2021/10/31,1088,2020,Moura,JU-6113-55837,Zobel,light
FC,4,21742.00000,XC-7,L4,Reinhardt,"02/13/2019, 00:00:00",1089,2018,Naila,BM-4249-16827,Mitschke,L
FA,104,12899.60000,XC-7,L6,"Barker, Henson and Neal",23 Nov 2024,1090,2021,Cartaxo,OW-6862-59486,"Carter, Kim and Allen",H
FA,57,23668.60000,APU-15,L5,Huhn KGaA,2015-12-05,1091,2018,Kusel,FR-2526-22184,Huhn KGaA, normal 
FB,70,45000.00000,XC-7,L1,Stroh,2022/09/27,1092,2012,Sacavém,LK-1620-73978,Pinto Gaspar S.A.,normal
FE,56,16477.40000,APU-15,L5,Hofmann Bender GmbH,28 Oct 2017,1093,2020,Lourosa,LW-3755-82334,Kraushaar GbR,N
FE,77,11214.70000,XC-7,L6,Huhn KGaA,2015/10/18,1094,2021,Nürtingen,NP-7067-53649,Hofmann Bender GmbH, med 
FD,115,5238.90000,APU-12,L5,"Henson, Walker and Pruitt",2017/08/08,1095,2023,Bad Freienwalde,GU-0204-34345,Ribeiro,3
FE,6,11815.60000,APU-12,L1,"Moore, Kennedy and Berger",2018/07/09,1096,2021,Johnnymouth,BT-4422-41461,Pinto Gaspar S.A., 1 
FE,54,11496.40000,APU-15,L5,"Rivers, Welch and Hood",07 Jun 2017,1097,2021,Guimarães,JT-7135-51032,Macedo Faria e Filhos,med
FE,29,32928.30000,APU-20,L4,Ribeiro,10 Sep 2024,1098,2015,Lake Amy,FZ-7331-00347,Mitschke,1
FC,16,4916.10000,APU-20,L6,Rogner KG,26 Jan 2015,1099,2023,Klötze,VC-6431-83382,Pinho Lopes Lda.,L
FC,13,10448.30000,APU-15,L3,Stroh,2015/06/01,1100,2022,East Joshuabury,WS-5574-02408,Ribeiro,L
FD,106,12695.70000,XC-7,L2,Walker Ltd,2018/12/18,1101,2021,São Salvador de Lordelo,KO-0251-92595,Johnson-Garrett,normal
FD,106,,APU-15,L6,Amorim,2019-04-09,1102,2020,Hensleyville,NH-3076-43488,Heinrich,H
FB,72,23878.00000,APU-12,L4,Walker Ltd,2021/07/20,1103,2018,Port Alanside,FC-9424-19219,Johnson-Garrett,N
FD,39,19035.40000,APU-12,L6,Rogner KG,"09/01/2024, 00:00:00",1104,2019,Loulé,EM-7222-37801,"Henson, Walker and Pruitt",light
FE,29,30702.20000,APU-15,L2,"Henson, Walker and Pruitt",2016-06-23,1105,2016,Angelashire,WK-3237-27178,Rädel Löwer AG,light
FD,19,44147.10000,XC-7,L4,Huhn KGaA,02 Feb 2015,1106,2012,Sacavém,UG-4026-51677,Rogner KG,1
FC,81,5556.40000,APU-20,L6,"Barker, Henson and Neal",2019-05-13,1107,2023,Gifhorn,FQ-6154-19379,"Carter, Kim and Allen",3
FB,94,8743.50000,APU-15,L1,Amorim,06 Aug 2016,1108,2022,Gifhorn,NC-7258-67812,Teixeira,heavy
FC,116,14793.30000,APU-12,L1,Silva,"10/19/2015, 00:00:00",1109,2020,Lourosa,ZY-0715-37440,Stroh, L 
FB,99,8978.80000,APU-12,L4,Roy and Sons,2017-09-14,1110,2022,Bruchsal,AA-9043-23367,Rogner KG, 1 
FB,98,6474.60000,APU-15,L5,"Carter, Kim and Allen",27 Jul 2016,1111,2023,Caldas da Rainha,CA-1074-85599,Teixeira, H 
FC,30,13300.90000,APU-12,L3,Reinhardt,2023/05/02,1112,2021,Caldas da Rainha,IL-0893-10738,Zobel,1
FC,94,6800.90000,XC-7,L4,"Moore, Kennedy and Berger",2017-04-29,1113,2023,Vila Real,WW-0748-26905,Mitschke,light
FC,8,,APU-15,L5,Mitschke,2021/06/13,1114,2020,Almada,RC-5579-24592,Trevino-Turner,L
FD,25,2596.60000,XC-7,L1,Mitschke,2016-01-25,1115,2024,Sacavém,UZ-0997-08394,Reinhardt,L
FD,81,21072.20000,XC-7,L1,Stroh,2022-10-06,1116,2018,Genthin,KO-4005-71156,"Hernandez, Malone and Smith",light
FB,40,8893.80000,XC-7,L1,Rogner KG,2019-06-03,1117,2022,Caldas da Rainha,DJ-5172-86234,Heinrich, 2 
FC,75,23419.10000,APU-15,L4,Johnson-Garrett,"03/08/2020, 00:00:00",1118,2018,Torres Novas,GE-2985-20065,"Carter, Kim and Allen",N
FC,111,12712.20000,APU-12,L4,Trevino-Turner,10 Sep 2016,1119,2021,Christinehaven,SQ-4231-72420,"Hernandez, Malone and Smith",light
FA,36,10566.80000,APU-20,L6,Faria,"01/23/2022, 00:00:00",1120,2021,Angelashire,LL-6497-18531,Silva,H
FB,13,,XC-7,L5,Leal Freitas S/A,2019/12/18,1121,2017,Tondela,PJ-6240-99999,"Carter, Kim and Allen",1
FD,43,10938.40000,APU-15,L2,Allen-Ferguson,12 Feb 2018,1122,2021,São Salvador de Lordelo,PV-1077-67686,Allen-Ferguson,N
FC,40,26196.10000,XC-7,L6,Pinto Gaspar S.A.,2019-07-23,1123,2017,Horta,TB-7601-03315,Teixeira,normal
FE,113,,APU-15,L1,Trapp Langern OHG mbH,03 May 2023,1124,2024,Póvoa de Santa Iria,MQ-9514-54381,Rädel Löwer AG,H
FE,111,9964.70000,APU-15,L1,Trevino-Turner,2024/04/10,1125,2022,Zerbst,MN-8762-37944,"Rivers, Welch and Hood",heavy
FD,95,6392.60000,APU-20,L1,Schenk GmbH,10 Jan 2017,1126,2023,Torres Vedras,DN-4081-37580,Mangold GbR,N
FD,58,14401.60000,XC-7,L5,Hofmann Bender GmbH,24 Jul 2021,1127,2020,West Andrewborough,MY-6443-36360,Gutknecht Stiftung & Co. KG,normal
FB,9,18151.00000,XC-7,L2,Mitschke,"06/09/2016, 00:00:00",1128,2019,Caldas da Rainha,XM-2549-25945,Leal Freitas S/A,L
FC,39,7361.80000,APU-15,L5,Schenk GmbH,2021-04-22,1129,2022,Moura,VM-1929-71903,Leal Freitas S/A,light
FB,73,8812.80000,APU-20,L1,Allen-Ferguson,"10/08/2021, 00:00:00",1130,2022,São Salvador de Lordelo,KP-6656-14592,Amorim,N
FC,71,25715.80000,APU-15,L6,Teixeira,2022/11/07,1131,2017,Ebersberg,QL-7341-36196,"Becker, Sanchez and Crawford",N
FD,54,9516.40000,APU-12,L2,Zobel,"06/07/2022, 00:00:00",1132,2022,Amarante,AH-3775-23625,"Henson, Walker and Pruitt",2
FC,53,11468.10000,APU-15,L4,"Henson, Walker and Pruitt","02/07/2024, 00:00:00",1133,2021,Torres Novas,BL-3856-55715,Mangold GbR,heavy
FD,86,21921.90000,XC-7,L4,Walker Ltd,07 Jun 2022,1134,2018,Youngfort,VL-2292-56738,Zobel,heavy
FA,77,17379.90000,XC-7,L6,Hermighausen Weinhold AG & Co. KG,"08/11/2017, 00:00:00",1135,2020,São João da Madeira,LG-3861-08169,"Carter, Kim and Allen",med
FE,19,6261.00000,APU-15,L3,"Moore, Kennedy and Berger","02/27/2019, 00:00:00",1136,2023,Moura,QF-2615-65851,Huhn KGaA,1
FE,87,22840.10000,APU-20,L1,Stroh,2022-02-24,1137,2018,Kusel,XQ-8807-69593,Gutknecht Stiftung & Co. KG,3
FC,105,20008.90000,APU-12,L2,James PLC,"07/01/2019, 00:00:00",1138,2019,Zerbst,OO-7262-28619,Heinrich, heavy 
FD,44,11467.60000,XC-7,L3,Trevino-Turner,2019/07/01,1139,2021,Ochsenfurt,SJ-7815-80457,Amorim,N
FE,14,34766.90000,APU-20,L3,Stroh,2021-01-05,1140,2015,Horta,MT-8889-16284,Hermighausen Weinhold AG & Co. KG,L
FD,3,45000.00000,APU-15,L2,Hofmann Bender GmbH,"12/20/2018, 00:00:00",1141,2012,Torres Novas,VZ-9726-45451,"Carter, Kim and Allen",light
FE,15,,APU-12,L5,Schenk GmbH,"07/22/2023, 00:00:00",1142,2022,Horta,FH-4479-50707,Schenk GmbH,1
FA,18,9687.20000,APU-20,L5,Roy and Sons,"12/21/2020, 00:00:00",1143,2022,Naila,HU-5975-59072,Pinho Lopes Lda.,L
FC,17,18142.30000,APU-12,L3,"Becker, Sanchez and Crawford",18 Oct 2020,1144,2019,Klötze,ZH-1249-30071,Trevino-Turner,2
FA,27,32598.80000,XC-7,L1,"Becker, Sanchez and Crawford",14 Feb 2015,1145,2015,Lourosa,AL-4474-84022,Roy and Sons,L
FC,32,10630.40000,APU-15,L4,Trapp Langern OHG mbH,2024-08-02,1146,2021,Regen,WE-8484-18617,Rädel Löwer AG,1
FA,3,9181.10000,APU-15,L2,Pinho Lopes Lda.,2021-11-14,1147,2022,Barbarachester,GF-2381-76116,Rogner KG,H
FC,56,17290.70000,APU-15,L6,Ribeiro,2016-02-21,1148,2020,Hensleyville,FE-1028-49890,Silva,L
FE,5,10587.10000,APU-12,L2,"Becker, Sanchez and Crawford",2018-09-14,1149,2021,Klötze,UY-1787-76305,Amorim,L
FE,72,3484.00000,XC-7,L4,Kraushaar GbR,2017-05-17,1150,2024,Vila Real,RX-5258-35046,"Becker, Sanchez and Crawford",2
FA,35,32418.00000,APU-15,L2,James PLC,2015/01/27,1151,2015,Christinehaven,DM-5380-42637,Amorim, L 
FA,50,28017.90000,APU-12,L3,Christoph GmbH,06 Oct 2019,1152,2016,Zerbst,JF-0635-31296,Gutknecht Stiftung & Co. KG,normal
FC,25,10863.90000,XC-7,L6,Trevino-Turner,"02/17/2022, 00:00:00",1153,2021,Port Alanside,QV-5147-85945,"Becker, Sanchez and Crawford",L
FE,57,11048.70000,APU-20,L4,Faria,2020-05-30,1154,2021,Klötze,QS-0128-73455,Pinto Gaspar S.A.,normal
FE,29,15137.60000,APU-20,L6,Mitschke,2021/05/09,1155,2020,Caldas da Rainha,NB-2567-77028,Leal Freitas S/A,3
FA,94,13868.10000,APU-12,L5,Reinhardt,2023-02-15,1156,2021,Harrisbury,CQ-4237-40788,Rogner KG,heavy
FE,57,11278.40000,APU-15,L5,Zobel,2018/10/09,1157,2021,Christinehaven,IO-2063-31373,"Henson, Walker and Pruitt",med
FD,18,11496.10000,APU-20,L2,"Becker, Sanchez and Crawford",09 Oct 2016,1158,2021,Ochsenfurt,TC-3485-25445,Macedo Faria e Filhos,1
FE,113,8961.70000,APU-15,L1,Ribeiro,2020/12/24,1159,2022,Genthin,GC-2613-86207,Kraushaar GbR,heavy
FB,10,3341.00000,XC-7,L6,Hofmann Bender GmbH,09 Jan 2020,1160,2024,Angelashire,KH-4823-13293,Faria,1
FE,12,16050.40000,APU-20,L4,Hövel Jopich KG,20 Jul 2023,1161,2020,West Nicolechester,OU-3837-24454,Rogner KG, 1 
FC,75,14448.50000,XC-7,L4,Trevino-Turner,02 Nov 2022,1162,2020,Hensleyville,BF-0146-00105,Teixeira,med
FD,9,15034.70000,APU-20,L4,Hövel Jopich KG,2016-08-26,1163,2020,Youngfort,SD-8575-65621,"Hernandez, Malone and Smith",light
FA,7,19982.90000,XC-7,L6,Allen-Ferguson,2018-08-10,1164,2019,Hensleyville,KS-0622-45023,Pinho Lopes Lda.,L
FD,90,12540.90000,APU-12,L1,Leal Freitas S/A,2022-05-12,1165,2021,Trancoso,HC-0616-35230,Walker Ltd,H
FE,81,7333.00000,APU-20,L1,"Carter, Kim and Allen",2019-10-12,1166,2022,São João da Madeira,AF-5247-62504,"Barker, Henson and Neal",H
FE,32,7076.10000,APU-12,L4,James PLC,2023-08-14,1167,2022,São João da Madeira,QM-3066-16415,Christoph GmbH,heavy
FC,13,5831.10000,XC-7,L2,Schenk GmbH,"07/04/2024, 00:00:00",1168,2023,Nordhausen,DE-2336-32026,Silva,1
FE,3,12463.60000,APU-12,L5,Trevino-Turner,"01/01/2023, 00:00:00",1169,2021,West Nicolechester,WL-3146-41724,Christoph GmbH,light
FD,59,13010.30000,XC-7,L2,Kraushaar GbR,2017/07/13,1170,2021,Oranienburg,MT-4759-20567,"Rivers, Welch and Hood",normal
FE,82,23984.10000,APU-15,L1,James PLC,"08/24/2017, 00:00:00",1171,2018,Angermünde,KA-4436-98864,Rädel Löwer AG,L
FD,65,12694.10000,APU-15,L1,Gutknecht Stiftung & Co. KG,2019-01-03,1172,2021,Moura,SV-9323-99961,Pinto Gaspar S.A.,heavy
FB,97,5669.10000,APU-12,L1,Reinhardt,2017-12-11,1173,2023,Caldas da Rainha,CJ-4469-26703,Huhn KGaA,H
FA,109,11129.50000,APU-12,L5,Allen-Ferguson,"11/29/2016, 00:00:00",1174,2021,Genthin,OY-8115-79277,Christoph GmbH,H
FE,117,4411.20000,XC-7,L2,"Moore, Kennedy and Berger","04/15/2021, 00:00:00",1175,2023,Barbarachester,KN-6403-93629,James PLC,light
FC,13,4598.30000,APU-12,L1,Walker Ltd,2024/10/03,1176,2023,Gomezberg,OJ-4059-85880,"Moore, Kennedy and Berger",1
FE,24,42566.00000,APU-15,L6,"Hernandez, Malone and Smith",2021-10-04,1177,2012,Hensleyville,EC-7339-99088,Pinho Lopes Lda.,light
FC,82,4696.20000,APU-12,L3,"Moore, Kennedy and Berger",2022/07/31,1178,2023,Zerbst,MW-8809-35303,Rädel Löwer AG,heavy
FC,45,17558.40000,APU-15,L6,Amorim,11 Apr 2020,1179,2019,Loulé,FC-9670-54875,Silva,med
FD,32,13235.00000,APU-20,L1,Johnson-Garrett,2016-09-03,1180,2021,Biedenkopf,RQ-0618-15940,Macedo Faria e Filhos,L
FB,97,4256.80000,APU-20,L6,Trapp Langern OHG mbH,2023-11-04,1181,2023,West Andrewborough,RX-7371-23882,Stroh,heavy
FB,119,28998.50000,APU-20,L1,"Carter, Kim and Allen","03/16/2019, 00:00:00",1182,2016,Nürtingen,WP-7992-32443,Amorim,3
FA,34,11546.20000,APU-12,L4,"Moore, Kennedy and Berger",2022-01-29,1183,2021,Youngfort,IZ-9356-17751,Roy and Sons,1
FC,66,19469.80000,XC-7,L4,"Henson, Walker and Pruitt",2018-09-29,1184,2019,Gifhorn,DD-0472-69228,"Henson, Walker and Pruitt",med
FD,107,15767.40000,APU-20,L6,Amorim,2016/03/26,1185,2020,Torres Vedras,SH-8128-91083,Christoph GmbH,3
FD,90,22015.90000,APU-20,L3,"Hernandez, Malone and Smith",2017-07-28,1186,2018,Moura,TX-9183-57921,Mitschke,light
FE,49,18826.60000,APU-12,L6,Rädel Löwer AG,"06/05/2023, 00:00:00",1187,2019,Genthin,UE-5112-86911,Reinhardt,heavy
FE,98,20044.90000,APU-20,L5,Trevino-Turner,2020-10-26,1188,2019,Schleiz,KC-8145-39102,Trevino-Turner,heavy
FA,33,16414.40000,APU-15,L2,Teixeira,2022/05/12,1189,2020,Chaves,NJ-3520-21544,Ribeiro,L
FA,75,25726.50000,APU-20,L4,Hofmann Bender GmbH,"02/15/2016, 00:00:00",1190,2017,Angelashire,BY-2470-95826,Hermighausen Weinhold AG & Co. KG,normal
FC,26,10213.50000,APU-20,L2,Allen-Ferguson,"02/17/2017, 00:00:00",1191,2022,Port Alanside,XU-3178-07431,Reinhardt,1
FA,62,11601.20000,APU-15,L6,Christoph GmbH,2016/03/20,1192,2021,Genthin,RV-6230-66505,"Rivers, Welch and Hood",2
FD,104,45000.00000,APU-20,L1,Gutknecht Stiftung & Co. KG,2023/06/05,1193,2012,Klötze,NM-7864-90672,Schenk GmbH,heavy
FD,64,11730.40000,APU-12,L1,Faria,"05/04/2024, 00:00:00",1194,2021,Klötze,GQ-3203-41797,James PLC,med
FC,97,21821.10000,APU-12,L6,Christoph GmbH,2018-01-29,1195,2018,Regen,LV-5333-72942,Gutknecht Stiftung & Co. KG,H
FC,58,31784.60000,APU-15,L1,Mitschke,28 Mar 2022,1196,2015,Angelashire,AL-2498-13706,Ribeiro,normal
FE,48,5462.00000,APU-15,L5,Allen-Ferguson,"04/08/2016, 00:00:00",1197,2023,Gifhorn,YT-8325-98276,Hermighausen Weinhold AG & Co. KG,normal
FC,117,5883.10000,APU-12,L1,Huhn KGaA,08 Aug 2018,1198,2023,Amarante,WR-6652-57229,"Rivers, Welch and Hood",2
FA,87,10782.60000,APU-20,L1,Macedo Faria e Filhos,2015/04/12,1199,2021,East Joshuabury,XX-2505-52680,Hövel Jopich KG,N
FD,118,10379.50000,XC-7,L1,Reinhardt,2023/07/18,1200,2022,East Joshuabury,FV-8003-32083,"Henson, Walker and Pruitt",heavy
FC,102,8963.70000,APU-15,L3,Pinto Gaspar S.A.,2024-09-22,1201,2022,Naila,HA-0827-70809,"Barker, Henson and Neal",light
FD,8,10736.70000,XC-7,L2,James PLC,2020/07/23,1202,2021,West Andrewborough,IH-6137-09150,Trapp Langern OHG mbH,3
FA,110,8226.90000,XC-7,L2,Rädel Löwer AG,2024/11/06,1203,2022,Bad Freienwalde,TA-3484-70302,Mitschke,heavy
FE,113,4535.10000,APU-12,L2,Trevino-Turner,05 Aug 2015,1204,2023,Zerbst,ET-8308-69070,Faria,heavy
FC,50,11435.60000,APU-12,L2,Rogner KG,12 Nov 2018,1205,2021,South Sabrina,HF-8858-12805,Schenk GmbH,normal
FC,17,13114.90000,APU-15,L6,"Becker, Sanchez and Crawford","10/28/2018, 00:00:00",1206,2021,Johnnymouth,DQ-5297-70214,"Gibbs, Scott and Moore",light
FD,20,,APU-15,L4,Trapp Langern OHG mbH,09 Jan 2018,1207,2020,São João da Madeira,XH-4682-67413,Huhn KGaA,L
FD,34,10914.20000,XC-7,L5,"Carter, Kim and Allen",2015-08-25,1208,2021,Kusel,FY-8034-85223,Rädel Löwer AG,light
FE,61,8312.60000,XC-7,L3,"Hernandez, Malone and Smith","10/04/2023, 00:00:00",1209,2022,Trancoso,XC-8302-98470,Macedo Faria e Filhos,N
FA,19,22132.20000,APU-12,L4,Reinhardt,2019-02-17,1210,2018,Youngfort,VA-3818-27227,Amorim,L
FD,28,5573.10000,APU-20,L2,Mangold GbR,2023-03-15,1211,2023,Gomezberg,UH-2252-29697,Pinho Lopes Lda., 1 
FC,24,18889.00000,XC-7,L6,Allen-Ferguson,"09/21/2022, 00:00:00",1212,2019,Tondela,DT-1446-39568,Pinho Lopes Lda.,1
FC,87,,XC-7,L3,"Carter, Kim and Allen",13 Oct 2017,1213,2022,São Salvador de Lordelo,BZ-9465-46369,Mitschke,H
FD,84,9403.50000,APU-20,L1,"Gibbs, Scott and Moore",06 Jan 2022,1214,2022,New Danielshire,HK-6262-91392,Christoph GmbH,heavy
FE,24,8609.10000,APU-15,L3,Mangold GbR,"10/04/2015, 00:00:00",1215,2022,Hensleyville,YH-0689-29352,Walker Ltd,med
FC,101,23451.30000,APU-15,L5,Mitschke,02 Dec 2016,1216,2018,Caldas da Rainha,NH-3295-93869,Walker Ltd,3
FE,65,25207.60000,APU-12,L5,Schenk GmbH,2020-07-21,1217,2017,Johnnymouth,UD-9807-97087,"Moore, Kennedy and Berger",normal
FB,56,4586.90000,APU-15,L1,Christoph GmbH,"12/07/2017, 00:00:00",1218,2023,Angermünde,OL-2207-82214,"Rivers, Welch and Hood",normal
FE,4,18384.20000,APU-15,L3,Hermighausen Weinhold AG & Co. KG,21 Nov 2024,1219,2019,Guimarães,ZD-4370-40105,Silva,1
FE,66,37367.60000,APU-20,L1,"Barker, Henson and Neal",20 Jul 2019,1220,2014,Vila Real,MJ-3967-35074,Amorim,2
FB,35,2753.30000,APU-15,L2,Reinhardt,2016-03-28,1221,2024,São Salvador de Lordelo,UE-7034-43297,Mitschke,N
FA,79,24747.00000,APU-15,L4,Leal Freitas S/A,2024/06/05,1222,2017,São João da Madeira,PP-3792-05172,Heinrich, normal 
FB,115,,APU-12,L4,Amorim,"12/31/2020, 00:00:00",1223,2016,Naila,TM-7436-82656,"Moore, Kennedy and Berger",med
FD,110,5427.20000,APU-20,L3,Huhn KGaA,09 Nov 2019,1224,2023,Sacavém,CI-2584-81441,"Gibbs, Scott and Moore",heavy
FE,116,17758.20000,APU-15,L2,Zobel,2018-08-07,1225,2019,South Renee,OE-1253-24265,Christoph GmbH,H
FC,15,3002.50000,APU-20,L5,Huhn KGaA,2015-07-09,1226,2024,Torres Novas,DD-7551-22328,Rädel Löwer AG, L 
FB,96,10820.50000,APU-20,L6,Johnson-Garrett,21 Dec 2021,1227,2021,Quarteira,JN-2043-93701,Walker Ltd, 3 
FC,82,3800.40000,XC-7,L2,"Becker, Sanchez and Crawford","09/19/2017, 00:00:00",1228,2023,Youngfort,UN-4785-86288,Pinto Gaspar S.A.,heavy
FC,65,32807.40000,APU-20,L1,Amorim,2015-04-27,1229,2015,Lake Amy,BT-6575-62921,Pinho Lopes Lda.,H
FE,119,21794.10000,APU-15,L5,Kraushaar GbR,2019-12-08,1230,2018,Genthin,CN-8324-57882,Ribeiro,3
FE,27,8346.60000,APU-15,L6,Stroh,"09/07/2017, 00:00:00",1231,2022,Fiães,NA-2641-39025,Rogner KG,1
FD,98,24180.50000,APU-15,L6,Gutknecht Stiftung & Co. KG,"11/27/2022, 00:00:00",1232,2018,Nordhausen,MK-0440-73663,"Barker, Henson and Neal",3
FC,52,13543.00000,APU-12,L6,James PLC,"02/18/2019, 00:00:00",1233,2021,Torres Vedras,NX-9455-20191,Allen-Ferguson,N
FD,51,5299.70000,APU-12,L3,Hofmann Bender GmbH,"07/20/2023, 00:00:00",1234,2023,Ochsenfurt,JF-2000-50803,Zobel,N
FB,32,16182.30000,APU-12,L3,Trapp Langern OHG mbH,11 Feb 2022,1235,2020,West Nicolechester,QG-4878-77784,Silva,light
FE,37,11982.00000,APU-12,L4,"Carter, Kim and Allen",2021/11/25,1236,2021,Sacavém,IE-5967-29965,"Carter, Kim and Allen",1
FB,85,17156.60000,APU-20,L4,Hofmann Bender GmbH,13 Apr 2024,1237,2020,Klötze,GD-3757-34854,"Henson, Walker and Pruitt",light
FB,77,10500.30000,APU-15,L3,Christoph GmbH,"10/08/2024, 00:00:00",1238,2021,São João da Madeira,TQ-6928-98951,Hermighausen Weinhold AG & Co. KG,N
FD,12,7575.50000,APU-15,L3,Trevino-Turner,2016/03/25,1239,2022,Almada,PC-3091-39809,Mitschke,1
FB,14,11114.60000,APU-20,L1,Leal Freitas S/A,2023/10/05,1240,2021,Macedo de Cavaleiros,MC-6980-83105,Hofmann Bender GmbH,1
FE,64,21463.50000,XC-7,L4,Schenk GmbH,03 Dec 2021,1241,2018,Caldas da Rainha,LG-2318-69228,"Moore, Kennedy and Berger",N
FA,7,13927.40000,XC-7,L5,Huhn KGaA,2018/09/21,1242,2021,South Renee,OO-7660-82275,Hövel Jopich KG,L
FD,16,,XC-7,L1,Macedo Faria e Filhos,2024-10-27,1243,2021,Youngfort,EY-6250-55362,Leal Freitas S/A,1
FA,23,4917.90000,APU-15,L4,Trapp Langern OHG mbH,2016-12-07,1244,2023,Macedo de Cavaleiros,DX-7468-53734,Trapp Langern OHG mbH,light
FD,83,27183.50000,XC-7,L2,Trapp Langern OHG mbH,2024/05/30,1245,2017,Barbarachester,PT-2290-10699,"Hernandez, Malone and Smith",heavy
FB,91,18918.30000,APU-15,L2,Huhn KGaA,12 Nov 2020,1246,2019,Naila,FK-1880-89295,"Carter, Kim and Allen",3
FE,18,19690.70000,APU-20,L5,Stroh,"05/08/2017, 00:00:00",1247,2019,Port Alanside,EP-0392-94637,"Rivers, Welch and Hood",1
FC,43,8980.30000,APU-15,L6,Leal Freitas S/A,2017/02/21,1248,2022,Moura,WC-2684-13791,Amorim,normal
FA,63,9033.50000,APU-20,L1,Trapp Langern OHG mbH,2019-03-04,1249,2022,West Andrewborough,XT-9027-96561,Teixeira,normal
FC,119,11226.60000,APU-15,L3,Teixeira,2015/10/11,1250,2021,Regen,LL-9224-21014,"Gibbs, Scott and Moore",3
FB,29,32440.00000,APU-20,L3,"Moore, Kennedy and Berger","12/01/2015, 00:00:00",1251,2015,West Andrewborough,AR-6304-39672,Mangold GbR, 1 
FA,45,,APU-15,L5,Mitschke,2015-11-12,1252,2021,Amarante,VW-2760-78537,Walker Ltd,normal
FB,57,34877.30000,APU-20,L5,Schenk GmbH,18 Apr 2019,1253,2015,Nürtingen,OG-2024-01981,Schenk GmbH, N 
FD,4,13197.00000,APU-15,L3,"Becker, Sanchez and Crawford","09/25/2017, 00:00:00",1254,2021,Nordhausen,OI-2847-03304,Walker Ltd,1
FA,105,,XC-7,L5,Roy and Sons,2022/12/28,1255,2012,Lourosa,VR-2450-44236,Roy and Sons,1
FE,14,,XC-7,L2,Walker Ltd,2015/03/02,1256,2022,Cartaxo,NF-8478-96440,Trapp Langern OHG mbH,light
FB,28,15404.50000,XC-7,L2,Stroh,2017/03/24,1257,2020,Almada,AM-2345-36692,"Barker, Henson and Neal",L
FA,114,9217.60000,APU-12,L2,Pinto Gaspar S.A.,2022/07/09,1258,2022,Gomezberg,DX-1787-57084,Hermighausen Weinhold AG & Co. KG,N
FC,64,5155.30000,APU-20,L5,"Moore, Kennedy and Berger","12/04/2023, 00:00:00",1259,2023,Nürtingen,SG-4276-84526,Mangold GbR,1
FD,88,9440.80000,APU-15,L4,Johnson-Garrett,"06/30/2015, 00:00:00",1260,2022,São João da Madeira,CY-8086-80717,Roy and Sons,heavy
FA,109,15317.00000,APU-15,L1,Reinhardt,"02/09/2016, 00:00:00",1261,2020,Barbarachester,JJ-4808-09728,Hermighausen Weinhold AG & Co. KG,L
FD,47,8053.80000,APU-12,L5,"Gibbs, Scott and Moore",2024-10-15,1262,2022,Sacavém,CT-8687-01967,Johnson-Garrett,heavy
FC,47,12561.70000,APU-15,L3,Hövel Jopich KG,2017/05/07,1263,2021,Johnnymouth,RB-3538-52212,Ribeiro,N
FB,72,6215.10000,APU-15,L6,Huhn KGaA,2021/02/06,1264,2023,Zerbst,VA-7951-23300,"Barker, Henson and Neal", normal 
FA,9,8024.10000,APU-12,L4,Rogner KG,"10/03/2019, 00:00:00",1265,2022,Gomezberg,NG-1805-68235,"Hernandez, Malone and Smith",L
FD,23,31696.20000,APU-20,L3,Hofmann Bender GmbH,"01/24/2018, 00:00:00",1266,2015,New Danielshire,YC-3555-36387,Christoph GmbH,1
FE,30,35331.20000,APU-20,L6,"Hernandez, Malone and Smith",12 Mar 2016,1267,2014,Schleiz,GT-0648-05551,Trapp Langern OHG mbH,light
FE,3,15326.20000,APU-15,L5,"Henson, Walker and Pruitt",11 Dec 2018,1268,2020,Nordhausen,UX-6834-03760,Trapp Langern OHG mbH,1
FD,50,6685.70000,APU-15,L4,Mangold GbR,2023-08-28,1269,2023,Barbarachester,YP-7697-92284,Mangold GbR,med
FA,45,32232.60000,XC-7,L5,Amorim,2020/07/14,1270,2015,Zerbst,TI-2474-76708,Trevino-Turner,med
FA,13,16473.40000,APU-15,L3,Mitschke,"11/07/2015, 00:00:00",1271,2020,Lourosa,QI-0979-26612,Faria,L
FB,52,,APU-12,L4,Roy and Sons,2022/05/28,1272,2021,Leeberg,OC-2905-51380,Macedo Faria e Filhos,normal
FA,115,9007.60000,APU-15,L6,Mitschke,2023-05-20,1273,2022,Lake Amy,VI-9564-94662,Pinto Gaspar S.A.,1
FC,4,14312.60000,APU-12,L1,Schenk GmbH,2017-11-23,1274,2020,Gifhorn,JQ-8585-62189,Pinho Lopes Lda., L 
FA,51,6163.60000,XC-7,L3,Mangold GbR,2023/03/01,1275,2023,Hensleyville,WI-3338-32697,Rogner KG,normal
FE,34,17874.60000,APU-20,L5,Johnson-Garrett,2015-03-17,1276,2019,Naila,DW-7077-76737,Kraushaar GbR,2
FC,7,28766.40000,APU-15,L2,Schenk GmbH,2020-05-19,1277,2016,Loulé,XX-3001-55458,Silva,med
FC,113,8455.00000,XC-7,L2,Rädel Löwer AG,2015-10-12,1278,2022,Biedenkopf,OG-9846-76691,Leal Freitas S/A,2
FA,48,,APU-12,L2,Rogner KG,21 Feb 2021,1279,2019,Póvoa de Santa Iria,HO-8875-09489,"Henson, Walker and Pruitt",2
FD,114,17135.30000,XC-7,L5,"Barker, Henson and Neal","04/10/2020, 00:00:00",1280,2020,Caldas da Rainha,ZP-8544-26448,"Moore, Kennedy and Berger",3
FC,108,23239.40000,APU-20,L5,"Gibbs, Scott and Moore",24 Mar 2022,1281,2018,São João da Madeira,CE-4298-29768,"Becker, Sanchez and Crawford",heavy
FA,28,13080.10000,XC-7,L1,"Moore, Kennedy and Berger","01/07/2023, 00:00:00",1282,2021,West Andrewborough,UE-6153-59060,"Barker, Henson and Neal", light 
FC,95,18072.80000,XC-7,L6,"Hernandez, Malone and Smith","03/07/2016, 00:00:00",1283,2019,Johnnymouth,TG-6396-91098,Zobel,1
FD,24,9457.20000,APU-12,L3,Hövel Jopich KG,2021-11-23,1284,2022,Póvoa de Santa Iria,TP-8539-93497,"Carter, Kim and Allen",1
FB,53,7620.30000,XC-7,L5,Faria,12 Dec 2023,1285,2022,Vila Real,ES-5066-25051,"Barker, Henson and Neal",N
FB,64,2514.20000,XC-7,L5,"Rivers, Welch and Hood",2019-09-12,1286,2024,Christinehaven,JV-4625-66801,Stroh,L
FE,0,7705.60000,XC-7,L2,"Carter, Kim and Allen",2016/02/01,1287,2022,Angermünde,BW-0306-70497,Teixeira,light
FA,82,11714.10000,APU-20,L4,Allen-Ferguson,2019-10-19,1288,2021,Ebersberg,ML-0536-00991,"Barker, Henson and Neal",2
FE,87,12343.20000,APU-12,L6,Trevino-Turner,2019-08-19,1289,2021,Leeberg,LW-1528-62365,"Rivers, Welch and Hood",med
FC,10,27037.20000,APU-12,L6,Pinto Gaspar S.A.,2023/09/22,1290,2017,Chaves,CW-5186-53566,Stroh,L
FE,29,4332.60000,APU-15,L2,"Carter, Kim and Allen","05/09/2024, 00:00:00",1291,2023,Caldas da Rainha,ED-6370-26837,Reinhardt,light
FC,44,6877.20000,APU-12,L2,Stroh,"11/28/2018, 00:00:00",1292,2023,Sacavém,PG-6422-18005,Kraushaar GbR,2
FA,3,12625.50000,APU-20,L5,Reinhardt,2021/01/04,1293,2021,São Salvador de Lordelo,DO-3414-32032,Walker Ltd,1
FE,39,9792.70000,APU-12,L5,Rädel Löwer AG,2016-04-29,1294,2022,Genthin,KZ-2602-66384,"Moore, Kennedy and Berger",1
FB,69,20214.10000,APU-15,L4,Pinto Gaspar S.A.,2015/04/27,1295,2019,Oranienburg,KE-5524-02087,Schenk GmbH,med
FE,61,12592.10000,APU-15,L1,Trevino-Turner,31 Dec 2016,1296,2021,Caldas da Rainha,IH-3752-36734,Walker Ltd,H
FC,105,43918.60000,APU-12,L4,Ribeiro,2016/05/02,1297,2012,Moniqueside,HE-4898-99953,"Hernandez, Malone and Smith",L
FC,84,3821.80000,XC-7,L4,Heinrich,05 Apr 2019,1298,2023,Tondela,ZN-2067-99538,Walker Ltd,3
FD,77,21399.20000,APU-12,L2,Heinrich,23 Feb 2015,1299,2018,Ebersberg,HJ-8025-89083,Mitschke, med 
FA,45,33294.80000,APU-12,L3,Mangold GbR,02 Aug 2022,1300,2015,Gifhorn,XI-1271-60865,Silva,2
FE,78,,XC-7,L1,Hermighausen Weinhold AG & Co. KG,14 Mar 2021,1301,2022,Gifhorn,NN-9321-19017,Gutknecht Stiftung & Co. KG,normal
FE,5,17994.80000,APU-20,L5,Faria,2019/10/04,1302,2019,Hensleyville,UV-5515-92943,Ribeiro,L
FD,50,27729.20000,APU-12,L4,Stroh,24 May 2020,1303,2017,Moniqueside,GB-3738-71327,"Gibbs, Scott and Moore",1
FC,78,15961.50000,APU-12,L6,Rogner KG,2024/11/29,1304,2020,Nordhausen,PJ-3839-99910,Johnson-Garrett,2
FB,91,6741.10000,APU-20,L3,Hofmann Bender GmbH,"07/11/2017, 00:00:00",1305,2023,Christinehaven,KJ-9710-06711,Mangold GbR,H
FB,47,9671.90000,APU-15,L4,Leal Freitas S/A,"06/10/2020, 00:00:00",1306,2022,Youngfort,AH-9372-36625,Christoph GmbH,heavy
FA,7,7547.50000,APU-12,L4,"Barker, Henson and Neal","01/29/2016, 00:00:00",1307,2022,Macedo de Cavaleiros,PU-7860-56599,Trapp Langern OHG mbH,light
FD,110,18300.70000,APU-15,L1,Zobel,2017-05-23,1308,2019,Angelashire,WF-1395-43766,Gutknecht Stiftung & Co. KG,H
FD,77,15944.20000,APU-12,L1,Leal Freitas S/A,2018-11-02,1309,2020,Moura,CJ-1842-55334,Ribeiro,normal
FD,46,17670.30000,XC-7,L6,Mitschke,17 Aug 2022,1310,2019,Tondela,FB-5131-87041,James PLC,2
FA,69,14689.30000,XC-7,L3,Rädel Löwer AG,2021/07/21,1311,2020,Amarante,AL-8166-75760,Hofmann Bender GmbH,1
FD,85,7550.90000,XC-7,L4,"Gibbs, Scott and Moore",22 Jan 2023,1312,2022,Barbarachester,LV-2955-61257,"Carter, Kim and Allen",1
FA,65,,APU-20,L2,James PLC,2018/12/12,1313,2022,Almada,CV-4229-44022,Rogner KG,2
FB,23,11566.50000,XC-7,L1,Stroh,15 Nov 2023,1314,2021,Oranienburg,TH-7575-83571,"Becker, Sanchez and Crawford",L
FB,31,26206.40000,XC-7,L1,Leal Freitas S/A,2023-03-23,1315,2017,Caldas da Rainha,YG-8603-90969,Zobel,light
FC,103,26866.40000,APU-12,L1,Pinto Gaspar S.A.,18 Sep 2024,1316,2017,Zerbst,EU-7146-22588,Macedo Faria e Filhos,L
FD,10,24137.30000,XC-7,L6,Leal Freitas S/A,13 Aug 2024,1317,2018,Torres Novas,JN-5921-10309,Pinho Lopes Lda.,L
FB,10,5356.00000,APU-15,L1,Roy and Sons,"11/28/2018, 00:00:00",1318,2023,Chaves,LH-5399-80935,"Becker, Sanchez and Crawford",L
FA,66,6241.20000,APU-15,L5,Schenk GmbH,2021-12-19,1319,2023,São João da Madeira,OB-4344-17850,Gutknecht Stiftung & Co. KG,light
FE,65,17939.80000,APU-20,L6,Silva,2022/05/17,1320,2019,Lake Amy,BG-9831-83604,Teixeira,med
FE,54,,APU-20,L4,"Henson, Walker and Pruitt",2019-12-04,1321,2020,Caldas da Rainha,BO-5055-58089,Zobel,L
FD,62,13822.90000,APU-20,L3,Gutknecht Stiftung & Co. KG,22 Jul 2017,1322,2021,Lake Amy,PN-8653-52245,Schenk GmbH,2
FB,56,14431.40000,XC-7,L3,Johnson-Garrett,2015-07-04,1323,2020,Genthin,ZX-0798-70178,Hermighausen Weinhold AG & Co. KG,2
FE,36,18676.90000,APU-12,L2,Hofmann Bender GmbH,"05/01/2016, 00:00:00",1324,2019,Johnnymouth,VH-9296-91573,Faria,3
FA,34,8324.40000,APU-15,L6,Macedo Faria e Filhos,2021/01/15,1325,2022,Cartaxo,LF-5792-70036,Faria,L
FB,14,10764.50000,APU-12,L4,Johnson-Garrett,2022/12/08,1326,2021,Christinehaven,OR-5276-18119,Hermighausen Weinhold AG & Co. KG,light
FE,22,6647.30000,APU-20,L1,Roy and Sons,16 Jul 2016,1327,2023,Moura,QX-3855-44102,Hofmann Bender GmbH,L
FD,11,8091.50000,APU-20,L3,Rogner KG,15 Jan 2015,1328,2022,South Renee,OL-0498-36480,"Rivers, Welch and Hood",L
FD,45,11789.10000,APU-20,L1,Trapp Langern OHG mbH,20 Sep 2022,1329,2021,Bad Freienwalde,GN-4748-78571,"Moore, Kennedy and Berger",H
FE,61,8178.10000,XC-7,L1,Pinto Gaspar S.A.,09 Jan 2020,1330,2022,Youngfort,KD-1959-62939,"Barker, Henson and Neal",H
FB,12,9042.50000,XC-7,L3,Schenk GmbH,09 Apr 2016,1331,2022,Moura,TD-0441-12646,Gutknecht Stiftung & Co. KG,light
FE,11,17802.20000,APU-20,L2,"Hernandez, Malone and Smith",2023/09/27,1332,2019,São João da Madeira,TS-0777-31195,Kraushaar GbR,L
FD,51,31382.10000,APU-12,L6,Rädel Löwer AG,26 Aug 2015,1333,2016,Bruchsal,OP-4283-11611,Huhn KGaA,med
FB,117,4295.90000,APU-15,L5,Trevino-Turner,"10/21/2019, 00:00:00",1334,2023,Hensleyville,FV-7758-79842,Reinhardt,H
FD,34,23513.60000,APU-12,L4,Johnson-Garrett,2022/05/04,1335,2018,Christinehaven,QO-4573-51905,Roy and Sons, L 
FD,62,,XC-7,L1,"Carter, Kim and Allen","03/03/2017, 00:00:00",1336,2021,Christinehaven,SP-1770-79368,Trevino-Turner,normal
FE,16,12674.50000,XC-7,L6,Amorim,"11/18/2017, 00:00:00",1337,2021,Macedo de Cavaleiros,GG-5541-54916,Trapp Langern OHG mbH,light
FA,7,4960.30000,APU-12,L4,Christoph GmbH,2021/12/27,1338,2023,South Sabrina,SF-8453-72361,Allen-Ferguson, L 
FE,49,13910.70000,APU-15,L5,Heinrich,2018/03/05,1339,2021,Caldas da Rainha,LK-4976-94840,Schenk GmbH,2
FA,3,10864.00000,XC-7,L3,Allen-Ferguson,"02/15/2024, 00:00:00",1340,2021,Zerbst,LI-6094-60367,"Carter, Kim and Allen",L
FD,74,9349.90000,APU-15,L2,Johnson-Garrett,2024-05-27,1341,2022,Ebersberg,VD-3053-00425,Trevino-Turner,2
FA,4,14456.70000,APU-20,L3,Roy and Sons,2019/05/12,1342,2020,São Salvador de Lordelo,XG-0530-12887,Gutknecht Stiftung & Co. KG,light
FA,75,10381.20000,APU-20,L4,Hövel Jopich KG,2022-07-20,1343,2022,Nordhausen,XJ-7006-41493,Walker Ltd,3
FB,104,16584.90000,APU-12,L3,"Carter, Kim and Allen",01 Nov 2018,1344,2020,Moura,UO-8768-21492,Trapp Langern OHG mbH,H
FA,39,8799.50000,APU-15,L3,Gutknecht Stiftung & Co. KG,2020/02/13,1345,2022,Caldas da Rainha,JK-2414-05540,Faria,heavy
FA,16,21444.90000,XC-7,L1,"Moore, Kennedy and Berger",2020-07-21,1346,2018,South Renee,QB-5827-81538,Rädel Löwer AG,L
FD,28,20743.80000,APU-12,L3,Mangold GbR,2022/07/14,1347,2019,East Joshuabury,ZF-4277-69325,Macedo Faria e Filhos,L
FA,37,8883.00000,APU-15,L2,Schenk GmbH,2022/03/13,1348,2022,Moura,HA-1483-43661,Walker Ltd,light
FE,86,13219.90000,XC-7,L5,Mitschke,"04/09/2018, 00:00:00",1349,2021,Torres Novas,SG-5055-64194,"Becker, Sanchez and Crawford",heavy
FC,25,28067.50000,XC-7,L1,James PLC,"06/08/2016, 00:00:00",1350,2016,South Sabrina,MH-0964-25831,Allen-Ferguson,1
FE,77,5928.10000,APU-20,L6,Roy and Sons,2016/11/01,1351,2023,Biedenkopf,FR-5039-37326,Pinto Gaspar S.A.,med
FA,43,12450.50000,APU-12,L3,Macedo Faria e Filhos,2024-10-31,1352,2021,Zerbst,ZS-3958-13901,Mangold GbR, N 
FA,111,18630.30000,APU-15,L6,Huhn KGaA,2021/08/29,1353,2019,Johnfort,AJ-6767-24533,Macedo Faria e Filhos,H
FB,23,12636.80000,XC-7,L5,Zobel,"10/16/2015, 00:00:00",1354,2021,South Renee,IJ-2614-23137,"Hernandez, Malone and Smith", heavy 
FC,63,7903.90000,XC-7,L2,Stroh,13 Aug 2024,1355,2022,Nordhausen,WF-6908-40646,Kraushaar GbR,2
FA,57,7893.70000,APU-12,L5,Johnson-Garrett,2017/10/01,1356,2022,West Andrewborough,UI-2894-71825,Johnson-Garrett,N
FD,36,18955.00000,APU-20,L5,Pinto Gaspar S.A.,2018/01/06,1357,2019,Loulé,QY-8732-20011,James PLC,light
FC,28,4699.90000,APU-20,L4,"Hernandez, Malone and Smith","08/12/2020, 00:00:00",1358,2023,West Nicolechester,UD-9663-03994,Pinho Lopes Lda., light 
FD,43,13116.40000,APU-15,L4,Walker Ltd,"03/19/2016, 00:00:00",1359,2021,Caldas da Rainha,SS-9455-89347,"Rivers, Welch and Hood",med
FB,38,13081.30000,APU-15,L3,Kraushaar GbR,2024/12/17,1360,2021,Macedo de Cavaleiros,MA-8695-33466,Reinhardt,L
FD,42,11339.60000,XC-7,L1,"Becker, Sanchez and Crawford",23 Jul 2023,1361,2021,São João da Madeira,YN-7077-97081,"Becker, Sanchez and Crawford",N
FB,77,6267.10000,XC-7,L6,James PLC,02 Aug 2022,1362,2023,Nürtingen,GF-1628-72448,Johnson-Garrett, N 
FC,71,7675.90000,APU-12,L5,Silva,"03/03/2023, 00:00:00",1363,2022,Johnfort,OK-3217-77129,Christoph GmbH,med
FD,34,28503.30000,XC-7,L4,Stroh,2021-04-08,1364,2016,Christinehaven,TS-7858-45108,Mitschke,light
FB,104,5063.90000,APU-20,L1,Gutknecht Stiftung & Co. KG,2020-12-31,1365,2023,Leeberg,JW-3726-93680,James PLC,H
FD,74,16109.20000,XC-7,L5,Amorim,02 May 2015,1366,2020,Leeberg,SV-1056-90102,Stroh,normal
FB,7,9810.40000,APU-12,L2,Zobel,03 Jun 2020,1367,2022,Nordhausen,SY-0388-46478,Hofmann Bender GmbH,light
FA,77,12628.50000,APU-12,L6,Roy and Sons,2021/09/03,1368,2021,West Nicolechester,ZM-4818-82104,Silva,1
FC,56,4447.80000,APU-20,L6,"Carter, Kim and Allen",2016/12/06,1369,2023,Sacavém,PB-0136-57096,Mitschke,med
FE,22,11827.50000,XC-7,L6,Faria,24 May 2020,1370,2021,Zerbst,NC-4911-56808,"Rivers, Welch and Hood",1
FC,103,10536.00000,APU-20,L5,Johnson-Garrett,11 Jan 2019,1371,2021,Cartaxo,PZ-9939-13946,Gutknecht Stiftung & Co. KG,3
FA,33,28634.70000,APU-12,L6,Leal Freitas S/A,24 Dec 2016,1372,2016,Guimarães,KD-7046-02228,Pinho Lopes Lda.,light
FD,28,16457.60000,XC-7,L4,Stroh,2016/04/29,1373,2020,Gifhorn,MM-6311-08564,Leal Freitas S/A,light
FA,14,16190.80000,XC-7,L3,Gutknecht Stiftung & Co. KG,2015-04-12,1374,2020,Moniqueside,MV-7957-87815,Pinto Gaspar S.A.,L
FD,62,,APU-20,L4,Trevino-Turner,"05/28/2022, 00:00:00",1375,2023,Lourosa,DR-0267-06058,"Carter, Kim and Allen",med
FC,67,,APU-15,L5,Christoph GmbH,09 Oct 2016,1376,2019,Gifhorn,WM-2072-13574,"Carter, Kim and Allen",med
FB,109,,APU-12,L3,Walker Ltd,2021-01-28,1377,2021,Lake Amy,BE-2852-13378,"Moore, Kennedy and Berger",heavy
FB,104,26732.60000,APU-15,L1,Stroh,22 Aug 2016,1378,2017,Angelashire,SZ-7238-62841,Schenk GmbH,H
FA,103,6202.80000,XC-7,L5,Roy and Sons,2023/11/11,1379,2023,Horta,GX-3173-98025,"Carter, Kim and Allen",H
FA,92,22839.40000,XC-7,L3,"Barker, Henson and Neal",2019/01/03,1380,2018,South Sabrina,YM-2622-70630,Rädel Löwer AG,heavy
FB,12,4842.60000,APU-15,L4,"Rivers, Welch and Hood","09/23/2021, 00:00:00",1381,2023,Bad Freienwalde,DW-9683-15684,Christoph GmbH,1
FB,29,21370.60000,APU-20,L4,James PLC,"01/27/2018, 00:00:00",1382,2018,Sacavém,PT-5480-52560,Pinto Gaspar S.A.,L
FC,83,6483.90000,APU-12,L5,Gutknecht Stiftung & Co. KG,2016/05/27,1383,2023,Horta,QE-5072-70576,Ribeiro,3
FA,76,7833.90000,APU-20,L4,"Becker, Sanchez and Crawford","01/08/2024, 00:00:00",1384,2022,Vila Real,HY-3793-73255,Kraushaar GbR,normal
FD,20,15917.20000,XC-7,L5,Heinrich,2020/09/18,1385,2020,Horta,NQ-5035-45100,Huhn KGaA,L
FB,73,7869.90000,XC-7,L5,Heinrich,24 Feb 2022,1386,2022,Macedo de Cavaleiros,TB-8722-45279,Heinrich,med
FE,68,10557.10000,XC-7,L1,"Carter, Kim and Allen",09 Oct 2020,1387,2021,Bad Freienwalde,KW-4512-85304,Hermighausen Weinhold AG & Co. KG,normal
FE,103,9854.60000,APU-15,L1,"Henson, Walker and Pruitt",2020-09-04,1388,2022,Hensleyville,RY-0951-93976,"Carter, Kim and Allen",H
FB,19,8005.80000,APU-12,L6,"Henson, Walker and Pruitt",18 Apr 2018,1389,2022,Quarteira,KD-5494-14615,Pinho Lopes Lda.,1
FC,111,7558.80000,XC-7,L2,"Hernandez, Malone and Smith",19 Jul 2020,1390,2022,Johnnymouth,BD-1189-93983,Roy and Sons,3
FE,75,4480.30000,XC-7,L4,Hermighausen Weinhold AG & Co. KG,2024-03-25,1391,2023,Genthin,MH-8240-09011,Pinto Gaspar S.A., N 
FD,95,6287.10000,XC-7,L2,"Rivers, Welch and Hood",26 May 2016,1392,2023,Ebersberg,RN-4643-29267,Trapp Langern OHG mbH,light
FA,58,20507.10000,APU-15,L2,Heinrich,2023/05/04,1393,2019,Nürtingen,MI-5238-20563,Huhn KGaA,2
FD,11,24568.30000,APU-12,L4,Trapp Langern OHG mbH,10 Aug 2021,1394,2017,West Nicolechester,SS-2912-93781,Gutknecht Stiftung & Co. KG,light
FB,52,10374.00000,XC-7,L6,Huhn KGaA,2021/01/07,1395,2022,Youngfort,MT-2047-98080,Trevino-Turner,N
FC,28,7640.30000,XC-7,L6,"Gibbs, Scott and Moore","03/01/2015, 00:00:00",1396,2022,Youngfort,OU-6873-81139,Hövel Jopich KG,L
FA,19,5227.90000,APU-12,L1,Rädel Löwer AG,2015/05/07,1397,2023,Regen,AL-4321-26106,"Hernandez, Malone and Smith",1
FB,20,30861.40000,XC-7,L3,Christoph GmbH,2024/07/15,1398,2016,Regen,QR-2928-82504,"Carter, Kim and Allen", L 
FE,57,12060.70000,APU-20,L4,Pinto Gaspar S.A.,2017/06/15,1399,2021,Trancoso,NV-0820-73367,Hofmann Bender GmbH,N
FA,15,5372.80000,XC-7,L6,"Becker, Sanchez and Crawford",2021/02/02,1400,2023,Harrisbury,WY-2492-46244,Stroh,1
FE,74,9948.80000,APU-12,L2,Christoph GmbH,"09/11/2020, 00:00:00",1401,2022,Hensleyville,AT-2249-40410,Leal Freitas S/A,N
FA,79,33928.80000,XC-7,L4,Hövel Jopich KG,23 Mar 2017,1402,2015,Amarante,YM-0690-46033,Mangold GbR, 2 
FC,13,26192.40000,APU-20,L3,Allen-Ferguson,04 Mar 2016,1403,2017,Biedenkopf,GA-2876-93223,Leal Freitas S/A,L
FC,56,11197.50000,APU-12,L4,Leal Freitas S/A,2015/09/30,1404,2021,Nordhausen,YA-9743-13836,Pinto Gaspar S.A., N 
FD,0,12992.80000,APU-15,L5,Ribeiro,17 Jan 2015,1405,2021,Macedo de Cavaleiros,SN-7061-47389,Hofmann Bender GmbH,1
FD,88,10615.10000,APU-20,L4,Huhn KGaA,24 Sep 2023,1406,2021,Bruchsal,UB-2545-38317,"Gibbs, Scott and Moore", heavy 
FA,47,,APU-15,L6,Roy and Sons,2024/07/02,1407,2021,Biedenkopf,IA-0434-25967,"Rivers, Welch and Hood",med
FB,84,15904.00000,APU-12,L4,Heinrich,2022/11/13,1408,2020,Barbarachester,UE-0692-96990,Hövel Jopich KG,L
FB,68,12318.90000,APU-12,L4,Mangold GbR,2020-05-19,1409,2021,Amarante,AW-3882-11053,Johnson-Garrett,med
FA,111,4464.10000,XC-7,L6,"Hernandez, Malone and Smith",06 Jul 2021,1410,2023,Macedo de Cavaleiros,EE-4729-14626,Ribeiro,3
FD,81,12270.30000,APU-20,L4,Trapp Langern OHG mbH,2019/04/28,1411,2021,Moura,TZ-2276-17106,Macedo Faria e Filhos,heavy
FE,63,8720.10000,APU-15,L3,Reinhardt,2022-09-08,1412,2022,Moniqueside,DM-5271-20032,Hofmann Bender GmbH,med
FB,78,12530.30000,XC-7,L1,"Hernandez, Malone and Smith",07 Apr 2015,1413,2021,Gomezberg,HW-0287-26024,Silva, light 
FC,7,21261.90000,APU-15,L2,Hofmann Bender GmbH,2018/12/06,1414,2018,São João da Madeira,AP-5177-05315,Rogner KG,light
FE,39,6097.40000,APU-15,L4,Rogner KG,"09/29/2018, 00:00:00",1415,2023,Moniqueside,BT-5854-02182,Huhn KGaA,3
FE,95,18973.90000,XC-7,L6,"Gibbs, Scott and Moore","10/16/2021, 00:00:00",1416,2019,Nürtingen,LL-9118-70913,Pinho Lopes Lda.,3
FD,92,45000.00000,APU-12,L6,Heinrich,05 Jul 2024,1417,2012,Oranienburg,WE-7413-52770,Huhn KGaA,heavy
FC,3,4757.60000,APU-15,L6,Leal Freitas S/A,"09/08/2023, 00:00:00",1418,2023,Fiães,DR-8503-69325,Stroh,1
FD,52,11605.00000,APU-20,L6,James PLC,2020-07-13,1419,2021,Zerbst,JV-2245-53205,Hofmann Bender GmbH,normal
FD,108,7062.70000,XC-7,L6,Hövel Jopich KG,"02/14/2016, 00:00:00",1420,2022,Port Alanside,QI-6331-83185,Johnson-Garrett,3
FD,117,9475.20000,APU-15,L2,Stroh,05 Jun 2021,1421,2022,Trancoso,WI-5312-16641,"Moore, Kennedy and Berger",heavy
FA,109,8536.90000,APU-15,L1,Macedo Faria e Filhos,"11/29/2022, 00:00:00",1422,2022,South Sabrina,IU-0298-66190,Mitschke,heavy
FB,81,43655.40000,APU-20,L2,"Moore, Kennedy and Berger",2018/05/31,1423,2012,Caldas da Rainha,OY-9846-23004,Silva,3
FC,1,11599.70000,XC-7,L3,Pinto Gaspar S.A.,"08/14/2018, 00:00:00",1424,2021,Harrisbury,LB-2244-10226,Rogner KG,1
FB,11,9368.30000,APU-20,L5,Mitschke,2020/08/08,1425,2022,Trancoso,EU-5795-73596,Christoph GmbH,L
FC,11,29164.80000,XC-7,L2,Leal Freitas S/A,2024/04/01,1426,2016,East Joshuabury,AF-6161-61649,Zobel,1
FA,63,13157.60000,APU-20,L1,Gutknecht Stiftung & Co. KG,"05/21/2019, 00:00:00",1427,2021,Hensleyville,TM-9478-26997,"Gibbs, Scott and Moore",med
FC,61,9480.70000,XC-7,L4,James PLC,"01/04/2021, 00:00:00",1428,2022,Angelashire,GJ-3161-20635,Ribeiro,normal
FD,72,10987.50000,XC-7,L3,Schenk GmbH,17 Aug 2022,1429,2021,Bruchsal,ZO-6061-55479,Walker Ltd,N
FB,74,5539.10000,XC-7,L2,Johnson-Garrett,2022-05-31,1430,2023,Regen,MI-7628-16845,Reinhardt,med
FC,93,14972.70000,XC-7,L4,"Moore, Kennedy and Berger",18 Jul 2024,1431,2020,South Sabrina,FR-7004-54984,Rädel Löwer AG,2
FB,41,23664.10000,APU-20,L1,Allen-Ferguson,2022/06/14,1432,2018,Naila,XH-9274-62742,Faria,2
FB,9,6079.80000,XC-7,L6,Stroh,2016-11-12,1433,2023,Kusel,SK-3462-69826,"Moore, Kennedy and Berger", heavy 
FB,66,20311.70000,APU-15,L2,Reinhardt,"09/24/2017, 00:00:00",1434,2019,Lake Amy,CL-7831-81953,Rogner KG,2
FE,87,14750.50000,APU-20,L2,Amorim,2023-10-04,1435,2020,Christinehaven,NR-5844-50231,Ribeiro,L
FA,114,25662.70000,APU-20,L6,Leal Freitas S/A,"08/28/2024, 00:00:00",1436,2017,Amarante,LW-2044-83441,"Rivers, Welch and Hood",3
FB,24,5910.40000,APU-12,L2,Silva,2017-09-28,1437,2023,Gomezberg,GI-5673-46622,Christoph GmbH,1
FA,109,10047.20000,APU-12,L4,Faria,2015/07/29,1438,2022,Trancoso,PU-2956-20188,Heinrich,heavy
FD,90,18910.20000,APU-12,L1,Gutknecht Stiftung & Co. KG,2015-03-31,1439,2019,Klötze,SZ-3534-84179,Teixeira,heavy
FA,3,10160.20000,APU-15,L1,Allen-Ferguson,18 Apr 2021,1440,2022,West Nicolechester,BA-7726-29433,Rädel Löwer AG, H 
FC,76,8562.50000,XC-7,L2,"Gibbs, Scott and Moore",2022/09/21,1441,2022,São Salvador de Lordelo,OX-7952-53050,Kraushaar GbR,med
FE,117,14957.60000,APU-20,L5,Johnson-Garrett,"06/17/2022, 00:00:00",1442,2020,Youngfort,EQ-0284-34797,Trevino-Turner,heavy
FE,6,7829.60000,APU-15,L5,Christoph GmbH,2018-12-05,1443,2022,Johnfort,HB-8557-34415,Gutknecht Stiftung & Co. KG,L
FB,25,33725.90000,XC-7,L5,Macedo Faria e Filhos,2023-11-17,1444,2015,Fiães,QI-7661-47560,Christoph GmbH,L
FE,118,23709.50000,APU-20,L4,Mitschke,2017-07-30,1445,2018,South Sabrina,IG-5327-23799,Faria, 3 
FC,116,7600.80000,APU-15,L5,Leal Freitas S/A,2022/04/05,1446,2022,Genthin,ZN-8309-82934,Schenk GmbH, heavy 
FC,85,5587.80000,APU-20,L5,Schenk GmbH,2023-06-27,1447,2023,Torres Novas,UU-0827-58642,Stroh,3
FA,62,23811.30000,XC-7,L5,Johnson-Garrett,2024-09-13,1448,2018,Hensleyville,PK-7012-22794,Rädel Löwer AG,med
FC,73,13790.70000,APU-15,L2,"Rivers, Welch and Hood",2017/06/29,1449,2021,Hensleyville,CL-7078-59806,Heinrich,L
FE,5,25551.20000,APU-12,L1,Amorim,26 Jun 2024,1450,2017,Horta,AP-0884-03667,Amorim,2
FD,17,27336.40000,XC-7,L3,Trapp Langern OHG mbH,2021/04/27,1451,2017,Guimarães,LF-6806-18262,Pinto Gaspar S.A.,light
FE,76,9346.60000,XC-7,L5,Trevino-Turner,14 Mar 2020,1452,2022,Sacavém,YY-0991-74881,Trevino-Turner,light
FE,54,10948.00000,APU-15,L6,"Becker, Sanchez and Crawford",2021-05-09,1453,2021,Gifhorn,KM-5036-03531,Macedo Faria e Filhos,1
FE,33,23177.70000,APU-20,L4,Teixeira,2016-09-29,1454,2018,Gifhorn,GF-5340-88584,Heinrich,1
FD,7,4240.40000,APU-12,L5,Ribeiro,11 Dec 2021,1455,2023,Lake Amy,WX-9437-82213,James PLC,light
FB,98,23681.20000,APU-20,L4,Mangold GbR,2024-08-26,1456,2018,Naila,IU-5415-25773,Pinto Gaspar S.A., 3 
FB,19,7253.40000,APU-20,L5,Macedo Faria e Filhos,"01/30/2015, 00:00:00",1457,2022,Klötze,AW-4947-23900,Hofmann Bender GmbH,1
FC,47,9297.90000,XC-7,L2,Huhn KGaA,"12/19/2022, 00:00:00",1458,2022,Hensleyville,TZ-6650-85048,"Hernandez, Malone and Smith",2
FD,6,13522.80000,APU-20,L1,James PLC,31 Aug 2022,1459,2021,Regen,PZ-7997-84830,Hofmann Bender GmbH,1
FE,97,8652.70000,APU-15,L6,Zobel,"02/25/2015, 00:00:00",1460,2022,Almada,VY-9830-00184,Leal Freitas S/A,med
FE,4,32249.40000,APU-12,L4,Pinho Lopes Lda.,"05/26/2024, 00:00:00",1461,2015,Bruchsal,GS-0870-11017,Heinrich, L 
FB,16,7563.30000,APU-20,L5,Leal Freitas S/A,2023/03/19,1462,2022,Tondela,YR-5237-71232,Hövel Jopich KG,1
FD,9,,APU-12,L6,Huhn KGaA,"04/19/2018, 00:00:00",1463,2016,Bruchsal,YB-2167-47361,"Rivers, Welch and Hood",1
FE,45,,XC-7,L1,Silva,20 Jul 2023,1464,2022,Moniqueside,LX-3187-12244,Hövel Jopich KG,med
FC,14,,APU-12,L2,Schenk GmbH,20 Oct 2015,1465,2022,South Renee,IG-8772-36269,Zobel,L
FE,116,29868.70000,APU-12,L3,Rogner KG,19 Sep 2023,1466,2016,Ebersberg,GH-7941-98021,Kraushaar GbR,3
FE,60,7982.30000,APU-12,L6,Pinto Gaspar S.A.,2019/12/17,1467,2022,Caldas da Rainha,OZ-6939-10105,Mangold GbR,1
FD,7,24089.30000,APU-20,L1,Ribeiro,04 Sep 2020,1468,2018,Regen,MU-8148-14657,Roy and Sons, light 
FD,58,10669.40000,APU-20,L5,James PLC,07 Nov 2022,1469,2021,West Nicolechester,RG-8246-38762,Amorim,normal
FE,70,3229.80000,XC-7,L3,Johnson-Garrett,02 Nov 2019,1470,2024,Ochsenfurt,TR-2808-54686,Kraushaar GbR,N
FA,27,4684.50000,APU-15,L6,"Gibbs, Scott and Moore",2019/09/06,1471,2023,Vila Real,NB-6522-98237,"Becker, Sanchez and Crawford",L
FE,62,6026.00000,APU-12,L3,Amorim,2018-06-13,1472,2023,Quarteira,EU-8806-18323,Stroh,med
FE,3,5117.60000,APU-20,L1,Rädel Löwer AG,"09/20/2023, 00:00:00",1473,2023,Amarante,UK-2208-46969,Leal Freitas S/A,light
FC,11,19624.60000,APU-12,L3,Gutknecht Stiftung & Co. KG,03 Nov 2019,1474,2019,Bad Freienwalde,PW-1599-75097,Pinto Gaspar S.A.,light
FD,38,16471.20000,APU-15,L1,"Rivers, Welch and Hood",2022-02-23,1475,2020,Hensleyville,RM-3438-24641,Christoph GmbH,1
FB,8,42333.10000,APU-12,L5,"Moore, Kennedy and Berger",2016/11/17,1476,2012,Fiães,RV-8363-95698,Macedo Faria e Filhos,normal
FD,80,16694.90000,XC-7,L2,Johnson-Garrett,20 Jan 2022,1477,2020,South Renee,DY-1299-92183,Pinto Gaspar S.A.,heavy
FA,52,15351.20000,APU-20,L1,Hövel Jopich KG,29 Jan 2021,1478,2020,West Andrewborough,DY-2492-42674,"Barker, Henson and Neal", med 
FC,39,11537.80000,APU-20,L3,James PLC,"10/22/2021, 00:00:00",1479,2021,Angermünde,VH-6176-83134,Reinhardt,L
FC,96,6188.20000,APU-12,L6,"Gibbs, Scott and Moore",17 May 2020,1480,2023,Vila Real,HC-5946-10294,"Moore, Kennedy and Berger",light
FD,85,16781.50000,XC-7,L1,"Carter, Kim and Allen",2024/02/29,1481,2020,Lourosa,FF-7576-71391,Huhn KGaA,L
FB,17,6909.60000,APU-12,L5,Reinhardt,"02/27/2018, 00:00:00",1482,2023,Caldas da Rainha,JN-4177-72044,Amorim,light
FD,34,11540.50000,XC-7,L4,Hövel Jopich KG,2017/08/19,1483,2021,Schleiz,VV-6079-34787,Rogner KG,1
FE,108,7142.60000,APU-12,L6,Zobel,01 Aug 2017,1484,2022,Moniqueside,JQ-3758-19097,"Carter, Kim and Allen",3
FC,17,31863.60000,APU-12,L4,Huhn KGaA,2018/03/07,1485,2015,West Nicolechester,FP-6340-93110,Roy and Sons,light
FA,45,35891.20000,APU-20,L5,Walker Ltd,07 Nov 2022,1486,2014,Torres Vedras,WS-6960-50686,Hövel Jopich KG,med
FD,51,33314.30000,XC-7,L6,Christoph GmbH,2021-05-07,1487,2015,Schleiz,MG-0431-74818,Silva,N
FB,65,8257.80000,APU-12,L6,Kraushaar GbR,"02/21/2016, 00:00:00",1488,2022,Naila,UC-3864-93352,Hofmann Bender GmbH,N
FC,69,22959.20000,APU-15,L1,Hofmann Bender GmbH,2019-02-21,1489,2018,Póvoa de Santa Iria,CB-3673-03203,"Becker, Sanchez and Crawford",normal
FE,50,14179.70000,APU-12,L3,Walker Ltd,"03/11/2021, 00:00:00",1490,2020,Ebersberg,ZE-9537-59218,"Moore, Kennedy and Berger", 1 
FB,116,15667.50000,APU-15,L3,Pinto Gaspar S.A.,2020/06/10,1491,2020,Lourosa,AO-5331-13915,Pinho Lopes Lda., heavy 
FB,70,20041.90000,APU-15,L5,"Rivers, Welch and Hood",2018-03-24,1492,2019,Port Alanside,OZ-9528-73333,"Carter, Kim and Allen",N
FC,52,19254.90000,APU-20,L2,Pinto Gaspar S.A.,2021/12/01,1493,2019,South Sabrina,DP-4802-21404,Walker Ltd, N 
FE,18,18353.90000,APU-15,L3,Hofmann Bender GmbH,10 Jan 2019,1494,2019,Macedo de Cavaleiros,WQ-5551-55154,Mitschke,L
FB,59,7382.90000,APU-12,L4,Amorim,2016/10/04,1495,2022,Torres Vedras,RO-2728-32750,Pinto Gaspar S.A.,2
FA,99,17973.10000,APU-20,L4,Hofmann Bender GmbH,2020/09/08,1496,2019,Bruchsal,AC-6572-54267,Silva,H
FA,95,7751.30000,APU-12,L3,Trevino-Turner,2017-07-13,1497,2022,Guimarães,GP-9455-42033,Hermighausen Weinhold AG & Co. KG,L
FB,92,21355.90000,APU-12,L5,Schenk GmbH,01 May 2024,1498,2018,Regen,LE-0677-62179,"Henson, Walker and Pruitt", heavy 
FA,103,6127.50000,APU-20,L5,"Becker, Sanchez and Crawford",2020/01/30,1499,2023,Torres Novas,IK-5193-61203,"Rivers, Welch and Hood",heavy
FC,3,11267.50000,APU-20,L5,Huhn KGaA,2022/07/03,1500,2021,São João da Madeira,AZ-3895-75696,Macedo Faria e Filhos,1
FA,21,9209.00000,XC-7,L5,"Moore, Kennedy and Berger",2024-04-29,1501,2022,Port Alanside,OA-9365-08081,Trapp Langern OHG mbH,light
FB,14,7269.80000,APU-20,L2,Christoph GmbH,"03/30/2020, 00:00:00",1502,2022,Almada,DI-7148-33022,"Gibbs, Scott and Moore",2
FD,104,15967.10000,APU-12,L2,Hermighausen Weinhold AG & Co. KG,20 Mar 2016,1503,2020,Zerbst,PW-5069-86191,Schenk GmbH,light
FE,30,,APU-12,L4,"Henson, Walker and Pruitt",2016/06/12,1504,2022,Regen,WL-6051-51689,Rädel Löwer AG,1
FA,59,3635.40000,APU-12,L1,Johnson-Garrett,2016/03/24,1505,2023,Ebersberg,FO-5790-02276,James PLC, normal 
FC,105,8740.40000,APU-12,L3,Zobel,30 Aug 2017,1506,2022,Port Alanside,KP-3634-92954,James PLC,normal
FA,68,18335.50000,XC-7,L1,Mitschke,"12/06/2022, 00:00:00",1507,2019,Leeberg,CH-8596-96215,"Henson, Walker and Pruitt",normal
FB,65,13436.00000,APU-12,L6,Pinto Gaspar S.A.,2022-07-01,1508,2021,Angermünde,IP-8018-27887,Leal Freitas S/A,2
FC,24,13656.80000,XC-7,L3,Heinrich,2022-11-25,1509,2021,Caldas da Rainha,IJ-6463-06002,"Barker, Henson and Neal",L
FD,59,26999.60000,APU-20,L3,Huhn KGaA,2020-12-24,1510,2017,Zerbst,UC-9774-17993,"Barker, Henson and Neal",2
FB,104,14473.00000,APU-12,L2,Silva,2019-05-23,1511,2020,Christinehaven,XV-2571-39382,Rädel Löwer AG, 3 
FB,16,13780.90000,APU-20,L3,Faria,"12/14/2021, 00:00:00",1512,2021,Leeberg,CI-0650-68676,Leal Freitas S/A, H 
FB,106,19951.50000,APU-15,L2,Trapp Langern OHG mbH,"09/22/2021, 00:00:00",1513,2019,West Andrewborough,UX-2737-76474,Rädel Löwer AG,light
FE,18,12285.10000,XC-7,L3,"Barker, Henson and Neal",13 May 2016,1514,2021,Youngfort,XV-4704-78618,Huhn KGaA,L
FC,94,42160.80000,APU-15,L3,Pinho Lopes Lda.,2017/07/12,1515,2012,Vila Real,IC-7005-60596,"Moore, Kennedy and Berger",L
FD,8,21353.30000,XC-7,L6,Hermighausen Weinhold AG & Co. KG,"04/20/2017, 00:00:00",1516,2018,New Danielshire,RV-8742-74705,Trapp Langern OHG mbH,med
FE,51,15893.30000,XC-7,L6,Hofmann Bender GmbH,"07/27/2024, 00:00:00",1517,2020,Oranienburg,TG-6569-92471,Faria,normal
FC,23,13737.20000,XC-7,L3,Stroh,01 May 2021,1518,2021,Quarteira,UF-0366-41785,Rogner KG,1
FC,89,12719.40000,APU-20,L5,Reinhardt,2024-01-07,1519,2021,Trancoso,FF-1937-03275,Rädel Löwer AG,N
FD,46,31705.70000,APU-12,L1,"Gibbs, Scott and Moore",2018/04/18,1520,2015,Macedo de Cavaleiros,ZK-3098-82860,Faria,med
FA,101,9607.00000,APU-20,L6,Hövel Jopich KG,2020-10-01,1521,2022,Gifhorn,RR-7520-11399,Rädel Löwer AG, heavy 
FE,30,7267.80000,XC-7,L1,"Gibbs, Scott and Moore",2015-07-21,1522,2022,Klötze,YG-2879-65959,Teixeira,L
FB,79,7455.90000,XC-7,L3,Reinhardt,"12/05/2019, 00:00:00",1523,2022,Guimarães,ZT-3039-99408,Schenk GmbH,2
FC,75,12592.40000,APU-12,L4,Reinhardt,2015/09/26,1524,2021,São Salvador de Lordelo,EO-1977-06267,"Carter, Kim and Allen",N
FB,34,6342.80000,APU-12,L3,Kraushaar GbR,2022-12-14,1525,2023,Genthin,MS-1006-09790,Allen-Ferguson, 1 
FB,102,14995.30000,APU-12,L1,Leal Freitas S/A,"12/26/2021, 00:00:00",1526,2020,South Renee,UY-1138-75016,"Moore, Kennedy and Berger",3
FB,119,7601.60000,APU-15,L6,Roy and Sons,"08/05/2016, 00:00:00",1527,2022,East Joshuabury,JD-6795-50044,Johnson-Garrett,3
FE,64,11083.80000,APU-15,L5,Johnson-Garrett,"03/03/2016, 00:00:00",1528,2021,Fiães,YX-2704-95140,"Carter, Kim and Allen",normal
FA,0,7624.50000,APU-12,L2,Johnson-Garrett,18 Jan 2021,1529,2022,Oranienburg,NR-1045-37864,Kraushaar GbR, L 
FD,8,11327.20000,APU-15,L4,Amorim,2019-02-27,1530,2021,Oranienburg,OC-2316-49254,"Gibbs, Scott and Moore",light
FD,35,11637.80000,APU-12,L3,"Gibbs, Scott and Moore",2016/02/15,1531,2021,South Renee,FX-9107-32034,Huhn KGaA,light
FD,82,14078.90000,APU-12,L5,Pinto Gaspar S.A.,2024/01/01,1532,2020,Angelashire,OS-2979-91045,"Hernandez, Malone and Smith",H
FE,80,14501.10000,APU-12,L3,Schenk GmbH,19 Nov 2023,1533,2020,Caldas da Rainha,TP-0144-59857,Heinrich,3
FC,115,6291.10000,APU-20,L6,Schenk GmbH,"04/26/2015, 00:00:00",1534,2023,Chaves,AP-2353-10118,Hövel Jopich KG,3
FD,18,18382.80000,APU-20,L4,Faria,2021-07-09,1535,2019,Nürtingen,GJ-4514-97568,Leal Freitas S/A,light
FB,65,7482.60000,APU-15,L4,Johnson-Garrett,2021/02/02,1536,2022,Bad Freienwalde,XY-1247-63616,Pinto Gaspar S.A.,2
FD,92,21102.40000,APU-20,L4,"Rivers, Welch and Hood",2024-04-22,1537,2018,South Renee,OA-1745-48570,"Henson, Walker and Pruitt",H
FD,82,6726.40000,APU-12,L2,Teixeira,2019/10/01,1538,2023,Guimarães,NI-8735-43558,Pinto Gaspar S.A.,3
FD,114,12689.90000,APU-20,L1,Huhn KGaA,2021-01-14,1539,2021,Caldas da Rainha,FZ-7137-14157,Trevino-Turner,3
FC,67,13219.40000,APU-20,L1,Mangold GbR,24 May 2015,1540,2021,Bad Freienwalde,KH-4616-73271,Allen-Ferguson, 2 
FD,75,9824.60000,XC-7,L5,Huhn KGaA,"02/02/2019, 00:00:00",1541,2022,Póvoa de Santa Iria,CV-5453-69608,Macedo Faria e Filhos,med
FC,68,15751.70000,APU-15,L1,Christoph GmbH,27 Jul 2023,1542,2020,Moura,ZU-3752-59499,"Barker, Henson and Neal",2
FC,49,14496.90000,APU-20,L6,Stroh,03 Sep 2024,1543,2020,Oranienburg,DG-1247-19116,Silva,2
FE,60,6277.70000,XC-7,L3,Amorim,2024-02-15,1544,2023,Loulé,UX-2825-06641,Leal Freitas S/A, 2 
FA,46,11866.80000,APU-15,L6,Zobel,"09/03/2018, 00:00:00",1545,2021,Chaves,DD-5012-50664,"Carter, Kim and Allen",2
FD,81,15314.30000,APU-20,L1,Stroh,"01/07/2023, 00:00:00",1546,2020,Gifhorn,OX-5756-40645,"Hernandez, Malone and Smith",heavy
FC,117,5164.90000,XC-7,L2,"Barker, Henson and Neal",2023/01/14,1547,2023,Ochsenfurt,YP-2200-00821,"Barker, Henson and Neal",3
FD,76,17483.10000,APU-12,L3,Ribeiro,2021/11/28,1548,2020,Lake Amy,BR-5810-71188,Kraushaar GbR,normal
FA,100,7173.40000,XC-7,L6,Kraushaar GbR,"07/31/2018, 00:00:00",1549,2022,Naila,YJ-7024-95213,"Becker, Sanchez and Crawford",normal
FE,85,15366.60000,APU-20,L4,Huhn KGaA,2015/09/11,1550,2020,South Sabrina,NT-9315-06990,Reinhardt,N
FD,14,14170.80000,XC-7,L4,Kraushaar GbR,"07/15/2015, 00:00:00",1551,2020,Sacavém,AM-8322-74193,Macedo Faria e Filhos,3
FB,55,8543.30000,APU-20,L6,Amorim,"08/29/2022, 00:00:00",1552,2022,Guimarães,DU-1311-48537,Trapp Langern OHG mbH,N
FA,47,9395.80000,APU-15,L6,Heinrich,"03/26/2021, 00:00:00",1553,2022,São João da Madeira,MC-7607-11219,Zobel, normal 
FC,30,15221.60000,XC-7,L6,Leal Freitas S/A,2019-01-06,1554,2020,Angermünde,NY-2646-43971,"Gibbs, Scott and Moore",L
FA,40,34620.40000,APU-15,L5,Amorim,"06/20/2016, 00:00:00",1555,2015,Gomezberg,KT-4206-32755,Teixeira,2
FD,117,12218.90000,XC-7,L3,Hövel Jopich KG,2017-02-16,1556,2021,Klötze,RD-3360-01489,Leal Freitas S/A,3
FA,9,13245.30000,APU-12,L6,Leal Freitas S/A,25 Jan 2016,1557,2021,West Nicolechester,AF-7845-68637,Mangold GbR,L
FB,50,15320.90000,APU-15,L6,Reinhardt,2020-07-27,1558,2020,Klötze,VP-3991-31984,Pinho Lopes Lda.,2
FE,89,10184.60000,APU-20,L3,Heinrich,29 Jun 2017,1559,2022,Ochsenfurt,PB-2060-50510,Huhn KGaA,3
FE,38,13080.80000,XC-7,L6,Johnson-Garrett,2016-01-11,1560,2021,Torres Novas,WC-5043-50495,Rädel Löwer AG, light 
FA,78,9750.80000,XC-7,L2,Hofmann Bender GmbH,"08/15/2018, 00:00:00",1561,2022,Lourosa,YJ-0523-47902,Pinho Lopes Lda.,med
FB,11,11019.10000,APU-12,L6,Teixeira,"12/27/2023, 00:00:00",1562,2021,Tondela,EK-4358-52904,Silva,light
FC,31,11903.50000,APU-15,L5,Pinho Lopes Lda.,2024-11-02,1563,2021,Johnnymouth,MF-7221-79324,Amorim,L
FB,21,10141.50000,APU-15,L1,Hermighausen Weinhold AG & Co. KG,"12/31/2017, 00:00:00",1564,2022,Guimarães,EV-1252-58103,"Rivers, Welch and Hood",1
FA,40,38145.20000,XC-7,L6,Pinho Lopes Lda.,2017-06-17,1565,2014,Guimarães,VJ-5098-62763,"Moore, Kennedy and Berger",light
FC,53,7106.00000,APU-12,L3,Reinhardt,"01/27/2022, 00:00:00",1566,2022,Trancoso,YS-5276-81785,Roy and Sons,med
FA,46,24389.70000,XC-7,L1,Silva,"11/26/2019, 00:00:00",1567,2018,Naila,FP-9911-16860,Pinto Gaspar S.A.,N
FA,5,10991.20000,APU-15,L3,Kraushaar GbR,"03/06/2019, 00:00:00",1568,2021,Hensleyville,BH-3079-94108,Trapp Langern OHG mbH,1
FC,10,8935.50000,APU-12,L1,"Becker, Sanchez and Crawford","03/05/2021, 00:00:00",1569,2022,Barbarachester,ZI-8595-83554,Johnson-Garrett,L
FB,39,17652.10000,APU-12,L4,Teixeira,02 Feb 2017,1570,2019,Christinehaven,MW-2683-04548,Hofmann Bender GmbH,L
FA,53,8038.30000,XC-7,L2,Faria,"09/27/2016, 00:00:00",1571,2022,Johnnymouth,SX-3420-09737,Hofmann Bender GmbH,normal
FE,11,5118.40000,APU-15,L3,Mitschke,2019/01/11,1572,2023,Póvoa de Santa Iria,AL-5030-03695,Heinrich,light
FB,77,24918.20000,XC-7,L1,Silva,"02/26/2019, 00:00:00",1573,2017,Chaves,ND-7304-26652,Heinrich,normal
FE,3,3264.20000,APU-20,L2,Trapp Langern OHG mbH,"03/12/2016, 00:00:00",1574,2024,Angermünde,FG-3785-27973,Walker Ltd,med
FA,14,25304.50000,XC-7,L3,Amorim,2019/05/31,1575,2017,Kusel,LY-8144-13888,Teixeira,L
FA,15,4454.90000,XC-7,L3,"Barker, Henson and Neal",28 Oct 2023,1576,2023,Ochsenfurt,MX-2002-89877,Macedo Faria e Filhos,1
FA,27,8652.50000,APU-12,L2,Ribeiro,"10/16/2023, 00:00:00",1577,2022,Almada,OJ-2588-97799,"Becker, Sanchez and Crawford",L
FB,77,11029.00000,APU-12,L2,Silva,"03/06/2018, 00:00:00",1578,2021,Leeberg,SO-6461-81664,Silva,N
FD,71,24329.70000,APU-12,L6,Hofmann Bender GmbH,"06/28/2024, 00:00:00",1579,2018,Kusel,DN-5606-29692,"Moore, Kennedy and Berger",normal
FB,56,14694.00000,APU-12,L4,Roy and Sons,2017/08/25,1580,2020,Youngfort,HA-4712-26970,Faria,2
FA,99,26891.80000,APU-15,L6,Walker Ltd,"11/21/2024, 00:00:00",1581,2017,Sacavém,IE-9018-65381,Huhn KGaA,1
FC,59,11030.20000,APU-20,L3,Gutknecht Stiftung & Co. KG,2015/07/13,1582,2021,Leeberg,AQ-2859-75002,"Becker, Sanchez and Crawford",normal
FB,54,,XC-7,L6,Mitschke,"10/03/2016, 00:00:00",1583,2022,Oranienburg,TO-2192-48103,Kraushaar GbR,N
FB,97,16972.50000,XC-7,L6,James PLC,07 Dec 2017,1584,2020,West Nicolechester,XS-9480-92595,"Hernandez, Malone and Smith",H
FC,53,17154.30000,APU-20,L2,"Moore, Kennedy and Berger",2022/01/15,1585,2020,Schleiz,ZM-0063-26407,Teixeira,2
FE,95,5508.20000,APU-20,L2,"Henson, Walker and Pruitt","04/08/2017, 00:00:00",1586,2023,Klötze,LQ-8302-50287,Hofmann Bender GmbH,light
FE,59,6414.90000,APU-12,L6,Heinrich,"10/28/2017, 00:00:00",1587,2023,Bad Freienwalde,GD-1455-55166,"Rivers, Welch and Hood",2
FB,53,3248.20000,APU-20,L2,"Hernandez, Malone and Smith",2023-11-06,1588,2024,Guimarães,KJ-9130-75284,Christoph GmbH,2
FE,92,12577.20000,APU-15,L2,Rädel Löwer AG,2017/10/30,1589,2021,Ochsenfurt,XM-5435-01248,"Rivers, Welch and Hood",3
FC,86,16355.50000,APU-20,L3,Mitschke,2015/05/26,1590,2020,South Sabrina,AY-5765-92230,Rädel Löwer AG,H
FC,11,23446.30000,APU-20,L4,Trapp Langern OHG mbH,"12/10/2015, 00:00:00",1591,2018,Ochsenfurt,AY-0290-88783,Huhn KGaA,light
FA,41,8680.40000,APU-15,L1,"Carter, Kim and Allen",03 Dec 2022,1592,2022,São João da Madeira,IY-9410-91389,Amorim,2
FD,96,17419.00000,APU-15,L6,Mitschke,12 Oct 2017,1593,2020,Angelashire,SB-2950-57438,Schenk GmbH,heavy
FB,86,8467.80000,APU-20,L5,Stroh,23 Feb 2021,1594,2022,Lourosa,AE-8908-97426,Rädel Löwer AG,3
FC,76,8594.50000,XC-7,L4,Hövel Jopich KG,2022/06/30,1595,2022,Johnnymouth,CP-6411-54969,Faria,normal
FB,20,9483.40000,XC-7,L3,Heinrich,25 Jun 2021,1596,2022,Angermünde,DT-3041-70764,James PLC, 1 
FB,33,,APU-12,L1,Mitschke,2023-06-17,1597,2020,Horta,OA-3860-69440,Walker Ltd,H
FD,4,4221.20000,XC-7,L3,Reinhardt,13 Nov 2023,1598,2023,Caldas da Rainha,EX-7931-50395,Huhn KGaA,1
FC,9,10739.20000,APU-12,L4,Teixeira,2015/08/10,1599,2021,Caldas da Rainha,UF-6868-49013,"Becker, Sanchez and Crawford",1
FC,50,8831.80000,APU-12,L5,Ribeiro,2023/12/17,1600,2022,West Nicolechester,LE-3510-45356,Ribeiro,med
FC,36,15472.60000,APU-20,L6,Teixeira,08 Apr 2020,1601,2020,Sacavém,DE-5517-80546,Reinhardt,light
FD,80,18455.30000,XC-7,L3,Hövel Jopich KG,10 Nov 2017,1602,2019,Klötze,WA-9925-11406,"Becker, Sanchez and Crawford",3
FA,9,18880.70000,XC-7,L2,"Hernandez, Malone and Smith","11/18/2019, 00:00:00",1603,2019,Christinehaven,CD-4711-75053,"Henson, Walker and Pruitt",1
FE,113,22032.80000,APU-15,L3,Kraushaar GbR,2018-05-19,1604,2018,Youngfort,JT-1006-61014,Mitschke, 3 
FE,40,6710.90000,APU-12,L4,Gutknecht Stiftung & Co. KG,2024-03-08,1605,2023,South Sabrina,NK-1256-61691,Pinho Lopes Lda.,N
FB,81,19722.60000,APU-15,L4,Allen-Ferguson,2022/09/07,1606,2019,Amarante,XZ-8566-89517,"Barker, Henson and Neal",normal
FB,52,20636.60000,APU-20,L4,"Henson, Walker and Pruitt",2018/01/30,1607,2019,Cartaxo,RI-2965-95801,Ribeiro,heavy
FC,69,,APU-15,L5,Zobel,2016/04/09,1608,2015,Moura,YS-5129-34574,"Moore, Kennedy and Berger",med
FE,110,,APU-12,L6,Ribeiro,13 Oct 2016,1609,2023,Naila,SX-0468-04911,"Carter, Kim and Allen",L
FA,30,15444.10000,APU-20,L6,Mitschke,"04/20/2017, 00:00:00",1610,2020,New Danielshire,FJ-4699-74547,Zobel,H
FD,95,7888.40000,APU-20,L4,Schenk GmbH,2017/09/24,1611,2022,Nürtingen,MT-9591-03992,Leal Freitas S/A, 3 
FE,44,13664.10000,XC-7,L5,Pinto Gaspar S.A.,2023-07-13,1612,2021,Biedenkopf,WR-9805-36004,"Rivers, Welch and Hood",3
FE,21,15063.50000,APU-12,L1,"Gibbs, Scott and Moore",2017/10/23,1613,2020,Gifhorn,YR-3338-54372,Faria,L
FD,63,11475.90000,APU-20,L5,Hofmann Bender GmbH,"01/02/2018, 00:00:00",1614,2021,Nürtingen,NB-7083-51869,Allen-Ferguson,N
FB,115,11897.90000,APU-15,L5,Zobel,2021-09-30,1615,2021,Bad Freienwalde,OF-7043-26510,Macedo Faria e Filhos,light
FB,44,14806.90000,APU-12,L1,Hövel Jopich KG,2024-10-05,1616,2020,Ochsenfurt,HA-0582-48333,Reinhardt,N
FC,112,5537.20000,APU-20,L4,Heinrich,2021/09/07,1617,2023,Almada,YY-0239-23079,Kraushaar GbR, L 
FD,59,24652.80000,APU-15,L5,"Carter, Kim and Allen",18 Feb 2015,1618,2017,São Salvador de Lordelo,WQ-9702-27554,Gutknecht Stiftung & Co. KG,L
FA,13,,APU-20,L5,Trapp Langern OHG mbH,2017/11/09,1619,2018,South Renee,WR-4743-09216,Faria,L
FD,47,,APU-20,L1,Silva,2019/12/26,1620,2020,Biedenkopf,LU-5155-23839,Leal Freitas S/A,normal
FA,60,5879.90000,APU-15,L5,Rogner KG,"08/14/2020, 00:00:00",1621,2023,Fiães,ST-8893-74973,Zobel,light
FD,36,16674.70000,APU-12,L5,Macedo Faria e Filhos,2021-11-26,1622,2020,Caldas da Rainha,TI-7129-02686,Gutknecht Stiftung & Co. KG,L
FD,71,12400.30000,XC-7,L1,Roy and Sons,"03/10/2018, 00:00:00",1623,2021,Sacavém,BY-0718-47135,Faria,normal
FE,0,12669.80000,APU-12,L1,Heinrich,06 Feb 2016,1624,2021,Torres Vedras,CC-1633-10052,Mangold GbR,1
FC,15,6199.80000,APU-12,L3,"Gibbs, Scott and Moore",2024/09/17,1625,2023,Gifhorn,YC-0396-69424,Zobel,1
FB,79,10004.30000,APU-15,L2,Trevino-Turner,22 Feb 2024,1626,2022,Angelashire,JG-5772-19960,Faria,N
FE,3,6132.90000,APU-20,L2,"Gibbs, Scott and Moore",2020-09-08,1627,2023,Nordhausen,YH-1973-79542,Silva,L
FE,24,38882.70000,APU-20,L3,Schenk GmbH,2020-06-02,1628,2013,Port Alanside,BM-4640-65804,James PLC,1
FD,77,3752.60000,XC-7,L6,"Rivers, Welch and Hood",2021/02/10,1629,2023,Moura,OF-8594-30830,Gutknecht Stiftung & Co. KG,normal
FC,0,10106.80000,APU-12,L2,Christoph GmbH,26 Feb 2023,1630,2022,Harrisbury,DS-6627-21691,Amorim,L
FD,4,2740.70000,APU-20,L5,"Barker, Henson and Neal","11/04/2024, 00:00:00",1631,2024,Genthin,BA-7145-62371,Kraushaar GbR,1
FB,13,16791.70000,APU-20,L5,Trevino-Turner,2018-06-29,1632,2020,Angelashire,EO-5533-33078,Mangold GbR,normal
FD,79,8425.10000,APU-20,L2,Hövel Jopich KG,2021/12/08,1633,2022,Youngfort,QM-9853-91455,Mangold GbR,normal
FD,29,2163.80000,XC-7,L2,"Hernandez, Malone and Smith","02/25/2020, 00:00:00",1634,2024,Schleiz,VA-2075-82578,"Henson, Walker and Pruitt",light
FE,23,10828.90000,APU-15,L6,Teixeira,2022-04-02,1635,2021,Genthin,LQ-0102-91899,Macedo Faria e Filhos,1
FD,25,9842.00000,APU-15,L5,Mitschke,2016/04/27,1636,2022,Quarteira,XI-5216-78181,Schenk GmbH,1
FD,117,14908.70000,XC-7,L2,Heinrich,2017-12-20,1637,2020,Cartaxo,QT-0439-29222,Mitschke,heavy
FA,113,15836.90000,APU-12,L5,Hövel Jopich KG,"10/10/2021, 00:00:00",1638,2020,São João da Madeira,CU-7857-48994,"Henson, Walker and Pruitt",1
FE,111,27211.30000,APU-15,L3,Roy and Sons,"05/04/2023, 00:00:00",1639,2017,Sacavém,TW-2950-22074,Huhn KGaA,3
FC,80,11709.30000,APU-20,L5,Rädel Löwer AG,"11/30/2016, 00:00:00",1640,2021,West Andrewborough,QY-5506-36503,Walker Ltd,3
FA,3,14401.10000,APU-15,L1,Mangold GbR,10 Mar 2015,1641,2020,Cartaxo,ZC-7118-61109,Gutknecht Stiftung & Co. KG, light 
FA,49,,XC-7,L1,Ribeiro,2020/03/08,1642,2020,Johnfort,RU-8462-88355,Christoph GmbH,2
FA,101,6352.20000,XC-7,L2,Roy and Sons,"11/24/2017, 00:00:00",1643,2023,Johnfort,VJ-9349-91193,James PLC,H
FE,3,4680.70000,APU-20,L6,Huhn KGaA,2019-06-01,1644,2023,Sacavém,AE-8746-64650,Christoph GmbH,L
FC,4,3966.10000,APU-12,L6,Trevino-Turner,2020-10-09,1645,2023,Hensleyville,DV-4550-01225,"Rivers, Welch and Hood",1
FB,23,26126.60000,APU-15,L6,Leal Freitas S/A,2021/04/01,1646,2017,São João da Madeira,LK-0096-91099,James PLC, light 
FB,72,7326.20000,APU-20,L4,James PLC,24 Jan 2022,1647,2022,Fiães,XV-0816-72687,Macedo Faria e Filhos,light
FB,45,3699.40000,XC-7,L5,Pinto Gaspar S.A.,2016/02/28,1648,2023,Johnfort,NS-0377-43015,Huhn KGaA,normal
FD,18,20640.30000,XC-7,L1,Hövel Jopich KG,2019/04/09,1649,2019,Christinehaven,NG-0075-17676,Heinrich,1
FD,119,9071.50000,XC-7,L6,Huhn KGaA,2022/09/23,1650,2022,Fiães,XG-3097-53886,Pinto Gaspar S.A.,3
FD,85,22724.50000,APU-15,L1,Mitschke,2019-01-12,1651,2018,Moura,QU-5193-42303,"Rivers, Welch and Hood",H
FC,73,10354.40000,APU-15,L5,"Rivers, Welch and Hood","04/20/2018, 00:00:00",1652,2022,São Salvador de Lordelo,ZH-2978-35401,Reinhardt,H
FD,113,21245.30000,APU-15,L4,Reinhardt,"01/21/2015, 00:00:00",1653,2018,Zerbst,FK-7732-69507,"Henson, Walker and Pruitt",light
FC,4,23973.20000,APU-12,L6,Rogner KG,2023-12-13,1654,2018,Macedo de Cavaleiros,WU-3190-09883,Schenk GmbH,L
FA,17,6516.00000,APU-15,L2,Trapp Langern OHG mbH,28 Aug 2022,1655,2023,Torres Novas,VZ-8731-39410,Mitschke,light
FE,112,22367.10000,XC-7,L6,Hövel Jopich KG,"09/28/2021, 00:00:00",1656,2018,Póvoa de Santa Iria,FS-5440-28772,"Moore, Kennedy and Berger",H
FE,14,,APU-12,L2,"Carter, Kim and Allen",2021/06/19,1657,2019,Ebersberg,HX-0477-37841,"Moore, Kennedy and Berger",L
FE,92,14766.20000,XC-7,L4,Teixeira,"06/16/2016, 00:00:00",1658,2020,Chaves,HC-2128-48454,Pinto Gaspar S.A.,L
FA,93,25735.00000,APU-12,L4,"Hernandez, Malone and Smith",2021/07/21,1659,2017,Johnfort,DL-3395-28741,"Moore, Kennedy and Berger",normal
FE,10,11292.50000,APU-15,L3,Faria,"11/11/2020, 00:00:00",1660,2021,Harrisbury,RK-3964-78161,"Hernandez, Malone and Smith",L
FB,77,12880.80000,APU-15,L3,Hofmann Bender GmbH,2019-12-14,1661,2021,Christinehaven,MK-8968-67052,Hofmann Bender GmbH,2
FE,30,6820.90000,APU-15,L5,Christoph GmbH,07 Jul 2023,1662,2023,Klötze,DM-7459-05480,Huhn KGaA,L
FA,49,15895.90000,APU-20,L5,Roy and Sons,2017/06/24,1663,2020,Vila Real,MO-6499-76570,Hermighausen Weinhold AG & Co. KG, med 
FB,33,4239.20000,APU-12,L6,Kraushaar GbR,22 Nov 2015,1664,2023,Angermünde,YC-2580-32272,Mangold GbR,light
FA,72,34043.10000,APU-15,L1,Allen-Ferguson,2019-05-18,1665,2015,Lake Amy,UY-4717-63504,"Henson, Walker and Pruitt",L
FB,108,5163.60000,APU-12,L2,Pinto Gaspar S.A.,2020/04/07,1666,2023,Johnfort,TM-5452-23767,Heinrich,3
FB,56,7392.00000,APU-15,L4,Gutknecht Stiftung & Co. KG,2022-11-27,1667,2022,Tondela,ME-3881-86330,Gutknecht Stiftung & Co. KG,L
FC,10,14541.10000,APU-15,L3,Gutknecht Stiftung & Co. KG,2019-05-19,1668,2020,Horta,JV-3068-68303,Faria,light
FE,100,4378.30000,APU-15,L2,Mangold GbR,2023/02/06,1669,2023,Nürtingen,FA-5615-90511,Rogner KG,H
FE,96,9824.00000,APU-12,L6,"Henson, Walker and Pruitt",26 Apr 2019,1670,2022,Gifhorn,NL-3796-00045,Reinhardt,heavy
FD,21,8304.00000,APU-12,L3,"Gibbs, Scott and Moore",2019/12/01,1671,2022,Klötze,RE-5439-43327,Hövel Jopich KG,1
FA,90,10313.60000,APU-12,L1,Teixeira,15 Mar 2024,1672,2022,New Danielshire,LE-8897-68820,Hofmann Bender GmbH,3
FB,113,8662.00000,APU-12,L6,Kraushaar GbR,2016/07/18,1673,2022,Youngfort,SM-5007-23120,Trevino-Turner,L
FA,77,7362.90000,APU-12,L3,Silva,19 Feb 2023,1674,2022,São João da Madeira,QE-6087-26025,Rogner KG,med
FD,22,13928.10000,APU-12,L5,Trevino-Turner,2016/10/23,1675,2021,São João da Madeira,JZ-2105-28999,Huhn KGaA,1
FD,93,1499.70000,APU-20,L3,"Gibbs, Scott and Moore","09/11/2017, 00:00:00",1676,2024,Macedo de Cavaleiros,GZ-4297-99462,Walker Ltd,3
FE,26,14077.70000,APU-20,L2,Hermighausen Weinhold AG & Co. KG,08 Nov 2023,1677,2020,South Sabrina,FA-2578-92475,Stroh,light
FC,7,27439.00000,APU-20,L6,"Hernandez, Malone and Smith",09 Oct 2018,1678,2017,São João da Madeira,JQ-2600-91728,Schenk GmbH,L
FA,23,8897.70000,APU-12,L6,Leal Freitas S/A,"12/16/2023, 00:00:00",1679,2022,Horta,EY-0113-33965,Hövel Jopich KG,light
FB,36,15188.90000,APU-20,L2,Pinho Lopes Lda.,27 Apr 2020,1680,2020,Naila,VM-8599-93857,Hermighausen Weinhold AG & Co. KG,light
FA,18,18589.30000,XC-7,L3,Roy and Sons,2017/12/14,1681,2019,Torres Vedras,BX-5863-24031,Pinho Lopes Lda.,med
FC,97,17506.90000,XC-7,L3,Roy and Sons,28 Jul 2019,1682,2019,Cartaxo,HK-9406-46648,Huhn KGaA,light
FC,60,5666.70000,APU-20,L2,Hofmann Bender GmbH,2020-04-13,1683,2023,Angelashire,RA-6551-15000,Leal Freitas S/A,normal
FD,49,14530.70000,APU-20,L4,"Barker, Henson and Neal","07/21/2018, 00:00:00",1684,2020,Amarante,QY-1389-30891,Silva,N
FE,113,17194.80000,APU-15,L1,Schenk GmbH,"08/13/2020, 00:00:00",1685,2020,Almada,MP-9043-78253,Stroh,heavy
FC,94,11513.40000,APU-12,L1,Hofmann Bender GmbH,2015/04/16,1686,2021,Chaves,ZP-8796-89428,Stroh,H
FA,30,11869.90000,XC-7,L2,Zobel,13 Aug 2020,1687,2021,Sacavém,GH-8443-26869,"Barker, Henson and Neal",light
FA,51,17332.80000,APU-12,L1,Huhn KGaA,24 Dec 2021,1688,2020,Schleiz,NJ-1575-36674,Schenk GmbH,N
FA,92,15554.90000,APU-15,L6,Hofmann Bender GmbH,"11/04/2024, 00:00:00",1689,2020,Vila Real,RD-8651-96963,Trapp Langern OHG mbH,heavy
FB,64,,APU-20,L1,Christoph GmbH,2022-08-08,1690,2021,Moura,UO-1005-57013,Reinhardt,H
FD,79,11365.40000,APU-15,L2,"Carter, Kim and Allen",2019-12-31,1691,2021,Genthin,OQ-0860-68757,Rädel Löwer AG,2
FA,50,19183.80000,XC-7,L4,Mitschke,03 Jul 2021,1692,2019,West Nicolechester,RT-8200-44338,Trapp Langern OHG mbH,normal
FD,73,3960.10000,APU-12,L1,Silva,"11/27/2015, 00:00:00",1693,2023,Gomezberg,LF-3660-58810,"Carter, Kim and Allen",normal
FD,61,12243.90000,XC-7,L2,Amorim,2023-05-28,1694,2021,Torres Novas,JG-5228-77116,"Barker, Henson and Neal",2
FA,115,16647.30000,APU-15,L1,Hövel Jopich KG,2020/08/25,1695,2020,Torres Novas,UA-1098-18172,Walker Ltd,1
FD,26,,XC-7,L1,Zobel,"11/02/2018, 00:00:00",1696,2020,Caldas da Rainha,EM-1582-35532,Rädel Löwer AG,3
FD,17,20201.40000,APU-15,L6,Trevino-Turner,16 Dec 2023,1697,2019,Ebersberg,NX-4015-50736,"Becker, Sanchez and Crawford",1
FB,80,7870.90000,XC-7,L2,Mangold GbR,2022/01/25,1698,2022,Lake Amy,LE-8732-69725,"Carter, Kim and Allen",heavy
FE,23,19291.00000,APU-15,L3,Mangold GbR,23 Dec 2023,1699,2019,Vila Real,ON-5374-41231,Mangold GbR, light 
FE,56,12128.50000,XC-7,L1,Schenk GmbH,05 Apr 2024,1700,2021,Kusel,AC-4480-17993,Christoph GmbH,normal
FE,50,6923.80000,APU-15,L2,Teixeira,02 May 2019,1701,2023,Zerbst,BC-1473-86943,Schenk GmbH,normal
FA,57,7513.40000,XC-7,L4,"Becker, Sanchez and Crawford",21 Feb 2018,1702,2022,Gifhorn,NT-9007-84898,Silva,2
FE,69,14736.40000,XC-7,L6,Teixeira,21 Sep 2020,1703,2020,Fiães,CB-5622-64105,Trevino-Turner,N
FB,98,4569.30000,XC-7,L2,Heinrich,2022-08-11,1704,2023,Caldas da Rainha,KT-8845-69389,Christoph GmbH,light
FA,12,6385.20000,XC-7,L4,Silva,2023/01/30,1705,2023,Leeberg,XH-2235-91214,Pinto Gaspar S.A.,L
FE,31,20239.60000,APU-12,L5,Ribeiro,2023/09/12,1706,2019,Oranienburg,ON-3803-57335,Hofmann Bender GmbH,N
FE,34,21007.40000,APU-20,L2,Faria,26 Feb 2024,1707,2018,Naila,EU-4007-84611,Walker Ltd,light
FC,102,,APU-20,L4,Walker Ltd,"12/03/2018, 00:00:00",1708,2024,Port Alanside,UE-3895-33521,Rädel Löwer AG,3
FC,31,20414.20000,APU-15,L5,Schenk GmbH,"09/25/2017, 00:00:00",1709,2019,Naila,NI-8181-35308,"Henson, Walker and Pruitt",L
FC,59,8401.60000,XC-7,L6,"Rivers, Welch and Hood",2015/08/20,1710,2022,Naila,KV-1356-66468,Rogner KG, med 
FD,25,16630.00000,APU-12,L4,Gutknecht Stiftung & Co. KG,14 Oct 2020,1711,2020,Kusel,PE-9889-62983,Trapp Langern OHG mbH,L
FD,90,14027.60000,XC-7,L3,Johnson-Garrett,"11/09/2018, 00:00:00",1712,2020,Angermünde,RJ-0431-05238,Allen-Ferguson,3
FB,28,5732.90000,XC-7,L1,Huhn KGaA,"02/17/2020, 00:00:00",1713,2023,Zerbst,TY-6024-75213,Roy and Sons,1
FD,25,15828.40000,APU-15,L4,Walker Ltd,11 Jul 2022,1714,2020,Barbarachester,QM-6571-56150,Pinho Lopes Lda.,1
FA,1,12520.30000,APU-12,L5,Allen-Ferguson,2023-05-26,1715,2021,Caldas da Rainha,UU-2840-47416,Kraushaar GbR,med
FA,69,6578.10000,APU-20,L5,"Gibbs, Scott and Moore","10/04/2021, 00:00:00",1716,2023,Guimarães,DL-2283-20670,Leal Freitas S/A,med
FD,71,37066.50000,XC-7,L1,Mitschke,2017/01/07,1717,2014,Biedenkopf,NL-6824-16626,James PLC,2
FE,53,10325.50000,XC-7,L5,Gutknecht Stiftung & Co. KG,2023/06/06,1718,2022,Genthin,VR-5850-10794,Johnson-Garrett,normal
FD,113,15022.10000,XC-7,L2,Hofmann Bender GmbH,16 Apr 2022,1719,2020,Zerbst,AT-2431-82687,Christoph GmbH,H
FE,108,13339.40000,APU-20,L4,Mitschke,2020/12/27,1720,2021,South Sabrina,LX-1544-27271,Amorim,H
FC,75,10018.30000,APU-12,L3,Stroh,19 Nov 2024,1721,2022,São Salvador de Lordelo,JW-7413-76323,Roy and Sons,med
FE,38,7829.40000,APU-20,L6,Hofmann Bender GmbH,04 Feb 2022,1722,2022,Horta,AU-1021-16041,"Carter, Kim and Allen",normal
FB,98,38811.60000,XC-7,L5,Huhn KGaA,01 Sep 2016,1723,2013,Biedenkopf,BN-7992-08758,Pinho Lopes Lda.,1
FA,109,39516.50000,APU-15,L1,Mitschke,2018/08/02,1724,2013,Leeberg,YT-7705-78097,Amorim,1
FD,45,17207.20000,APU-15,L3,Leal Freitas S/A,"07/24/2019, 00:00:00",1725,2020,Horta,JW-0834-32581,Silva,2
FE,93,14276.50000,APU-15,L5,Allen-Ferguson,11 Apr 2015,1726,2020,Youngfort,WQ-8589-39044,Reinhardt,heavy
FA,54,3355.00000,APU-20,L4,Rogner KG,2019/02/13,1727,2024,Ochsenfurt,KR-7249-06359,Mitschke,N
FE,0,6982.50000,XC-7,L2,"Rivers, Welch and Hood",2019-03-17,1728,2023,Christinehaven,RH-4931-99895,Roy and Sons,L
FC,108,6071.00000,APU-12,L2,Gutknecht Stiftung & Co. KG,24 Mar 2023,1729,2023,Almada,OY-5039-69588,Macedo Faria e Filhos, H 
FA,89,5939.70000,APU-15,L6,Huhn KGaA,"07/08/2022, 00:00:00",1730,2023,Schleiz,RJ-3405-89273,"Rivers, Welch and Hood",3
FC,105,,APU-12,L5,Pinto Gaspar S.A.,2017/05/28,1731,2019,Zerbst,OK-8225-14968,Hofmann Bender GmbH,3
FE,1,25204.80000,APU-12,L4,Amorim,"04/10/2022, 00:00:00",1732,2017,São João da Madeira,PB-4068-61653,Trapp Langern OHG mbH,light
FC,18,21944.90000,APU-15,L2,James PLC,2018/04/24,1733,2018,Schleiz,SO-8631-84107,Trapp Langern OHG mbH,1
FA,60,5304.60000,XC-7,L1,"Carter, Kim and Allen",2015-05-05,1734,2023,Klötze,KT-9841-94464,Trapp Langern OHG mbH,2
FB,42,6898.70000,APU-15,L5,Hofmann Bender GmbH,04 Jun 2015,1735,2023,Póvoa de Santa Iria,ST-6426-09261,Mitschke,2
FD,49,18397.60000,XC-7,L3,Trapp Langern OHG mbH,"06/14/2016, 00:00:00",1736,2019,Gifhorn,DE-3606-40521,"Henson, Walker and Pruitt",2
FA,24,7463.80000,APU-15,L5,Teixeira,29 Jun 2015,1737,2022,Macedo de Cavaleiros,YA-6247-27856,Roy and Sons,L
FB,15,12455.10000,APU-12,L1,Stroh,"06/13/2024, 00:00:00",1738,2021,Nürtingen,NM-7903-76236,"Carter, Kim and Allen",1
FC,52,9397.40000,APU-15,L5,Silva,"12/27/2016, 00:00:00",1739,2022,Zerbst,QX-7055-65625,Mitschke,med
FD,30,18388.30000,APU-20,L3,Faria,"05/09/2023, 00:00:00",1740,2019,Almada,OA-7080-76029,Amorim,light
FD,7,7475.60000,XC-7,L1,Pinto Gaspar S.A.,2022/01/20,1741,2022,Bruchsal,FP-5888-73323,Allen-Ferguson,light
FE,59,16072.50000,APU-15,L3,Mangold GbR,02 Oct 2021,1742,2020,Nürtingen,DE-8270-39457,Zobel,L
FB,34,8985.10000,APU-20,L6,Hövel Jopich KG,2015-12-13,1743,2022,Vila Real,EV-6277-59491,"Barker, Henson and Neal",L
FA,97,16885.50000,XC-7,L1,James PLC,16 Feb 2024,1744,2020,Gomezberg,VA-2701-62177,Allen-Ferguson,heavy
FB,31,16397.60000,APU-20,L5,Amorim,"12/04/2018, 00:00:00",1745,2020,Hensleyville,UB-0385-59953,Hermighausen Weinhold AG & Co. KG,1
FC,90,17816.80000,APU-20,L1,Zobel,25 May 2024,1746,2019,Ochsenfurt,OC-1570-84098,Hövel Jopich KG, heavy 
FA,90,21582.80000,APU-20,L4,Silva,"11/09/2015, 00:00:00",1747,2018,São João da Madeira,AD-6181-41499,Huhn KGaA, heavy 
FB,66,4030.80000,APU-12,L3,Rogner KG,2016-10-26,1748,2023,Macedo de Cavaleiros,NV-8347-73000,Mangold GbR,N
FC,104,20893.40000,APU-20,L5,Pinho Lopes Lda.,2022-12-06,1749,2019,Lake Amy,IJ-6240-87062,"Hernandez, Malone and Smith", L 
FC,115,27957.40000,APU-20,L5,"Gibbs, Scott and Moore",2023/12/19,1750,2017,West Andrewborough,ZD-2522-87020,Allen-Ferguson, med 
FC,33,8200.20000,APU-20,L6,Macedo Faria e Filhos,"07/17/2020, 00:00:00",1751,2022,Chaves,SZ-0385-45380,Rädel Löwer AG,H
FE,1,22652.60000,APU-20,L5,Amorim,2017/08/07,1752,2018,Trancoso,JM-4376-57541,"Carter, Kim and Allen",L
FC,16,6474.70000,XC-7,L3,Walker Ltd,09 Dec 2016,1753,2023,Horta,BH-7167-47514,Huhn KGaA, 1 
FD,81,17582.80000,XC-7,L4,Hövel Jopich KG,"07/19/2024, 00:00:00",1754,2019,Hensleyville,JM-6888-04571,Ribeiro,H
FC,59,22112.20000,APU-12,L6,Roy and Sons,2023/07/24,1755,2018,Horta,HW-1069-11876,Walker Ltd,N
FD,12,22034.30000,APU-15,L4,Pinho Lopes Lda.,2020/08/27,1756,2018,Loulé,XR-2392-60093,Johnson-Garrett,1
FC,97,12863.30000,APU-15,L4,Rädel Löwer AG,"07/10/2024, 00:00:00",1757,2021,Port Alanside,PK-0000-08339,Ribeiro,heavy
FD,74,30245.90000,APU-20,L5,"Moore, Kennedy and Berger",2019-02-26,1758,2016,New Danielshire,QH-7352-79113,"Becker, Sanchez and Crawford",2
FB,2,15157.50000,APU-15,L3,Christoph GmbH,"03/05/2015, 00:00:00",1759,2020,Guimarães,EF-6844-59974,Kraushaar GbR,L
FD,52,9725.90000,APU-20,L6,Faria,2023-01-14,1760,2022,Oranienburg,QS-3281-76580,Gutknecht Stiftung & Co. KG,med
FE,1,8838.40000,APU-12,L1,Stroh,2017/08/15,1761,2022,Barbarachester,ZT-4104-59102,James PLC,1
FE,24,13416.80000,APU-20,L2,"Hernandez, Malone and Smith",2024/01/10,1762,2021,Trancoso,TF-0303-40782,James PLC,med
FC,113,18822.40000,XC-7,L1,Faria,2021/05/15,1763,2019,São João da Madeira,JZ-0030-44162,Allen-Ferguson,H
FC,104,,APU-20,L1,Allen-Ferguson,"05/12/2020, 00:00:00",1764,2021,Barbarachester,ED-7011-61320,Zobel, med 
FB,98,4819.50000,XC-7,L1,Macedo Faria e Filhos,2018/09/01,1765,2023,Moniqueside,OM-9552-53075,"Hernandez, Malone and Smith",H
FC,24,20373.80000,XC-7,L6,Ribeiro,"06/08/2016, 00:00:00",1766,2019,South Renee,QM-5376-23446,Zobel,med
FE,9,30472.90000,APU-12,L6,Trevino-Turner,"10/23/2023, 00:00:00",1767,2016,São João da Madeira,HR-4230-37861,"Barker, Henson and Neal",1
FA,105,26746.20000,XC-7,L3,Trapp Langern OHG mbH,2023/05/25,1768,2017,East Joshuabury,SA-5441-57461,Zobel,1
FB,115,3707.30000,APU-15,L6,Teixeira,06 May 2018,1769,2023,Nordhausen,JD-4735-76128,Rogner KG,heavy
FE,73,5399.50000,APU-12,L1,Hermighausen Weinhold AG & Co. KG,"11/25/2024, 00:00:00",1770,2023,Schleiz,QH-3792-17006,"Barker, Henson and Neal",N
FD,38,15571.10000,XC-7,L1,"Becker, Sanchez and Crawford",17 Feb 2017,1771,2020,Bruchsal,GR-1463-43525,Hofmann Bender GmbH,N
FA,34,12566.00000,APU-15,L1,Trevino-Turner,2016/07/13,1772,2021,Póvoa de Santa Iria,IP-9573-80792,Rädel Löwer AG,L
FD,4,7934.30000,APU-20,L4,"Rivers, Welch and Hood",2024/03/08,1773,2022,Johnfort,DZ-6930-23129,"Gibbs, Scott and Moore", 1 
FB,85,9248.70000,APU-12,L6,Reinhardt,01 Jul 2020,1774,2022,Amarante,PO-9665-46266,Heinrich,3
FE,111,13457.30000,APU-15,L3,Schenk GmbH,2015/11/30,1775,2021,Angermünde,DN-2261-11934,Rogner KG,heavy
FA,13,27739.60000,APU-12,L4,Zobel,2019/05/14,1776,2017,São João da Madeira,BB-4722-14430,Stroh,light
FE,54,6959.30000,APU-12,L4,Rädel Löwer AG,2016-12-15,1777,2023,Gifhorn,ZX-8009-02474,Roy and Sons, normal 
FB,30,15892.60000,APU-12,L6,Mangold GbR,2016/06/17,1778,2020,Cartaxo,NQ-5192-38834,Allen-Ferguson,2
FE,69,9887.50000,XC-7,L4,"Carter, Kim and Allen",30 Nov 2015,1779,2022,Biedenkopf,VZ-6866-82336,Leal Freitas S/A,2
FE,33,26996.30000,APU-15,L3,Faria,08 Sep 2023,1780,2017,Macedo de Cavaleiros,LZ-5015-56422,Hermighausen Weinhold AG & Co. KG,N
FA,109,16665.10000,XC-7,L5,Zobel,21 Apr 2015,1781,2020,Horta,AO-3286-58538,Roy and Sons,3
FA,118,5179.00000,APU-20,L1,"Gibbs, Scott and Moore",2019-09-20,1782,2023,Póvoa de Santa Iria,EP-5991-52745,"Hernandez, Malone and Smith",3
FB,16,9933.20000,XC-7,L6,Huhn KGaA,"12/13/2024, 00:00:00",1783,2022,Youngfort,GM-5446-56737,Teixeira,L
FA,36,34146.50000,XC-7,L2,"Moore, Kennedy and Berger",2021/04/22,1784,2015,Bad Freienwalde,FI-6626-47077,Hövel Jopich KG,light
FB,14,12678.40000,XC-7,L5,Christoph GmbH,19 May 2023,1785,2021,Lourosa,IC-9462-25484,"Moore, Kennedy and Berger",1
FE,79,14674.60000,APU-20,L3,Rädel Löwer AG,"04/29/2020, 00:00:00",1786,2020,Naila,SR-1353-33919,Allen-Ferguson,heavy
FC,85,18883.60000,APU-12,L4,Walker Ltd,19 Jun 2021,1787,2019,Gomezberg,PL-5838-20625,Pinho Lopes Lda.,3
FE,29,9432.50000,APU-12,L6,Huhn KGaA,"04/06/2016, 00:00:00",1788,2022,Lourosa,ZZ-0569-60464,Hövel Jopich KG,1
FB,37,18517.50000,APU-15,L3,Hermighausen Weinhold AG & Co. KG,2018-04-24,1789,2019,Barbarachester,KC-7045-68054,"Rivers, Welch and Hood",light
FB,58,16700.70000,XC-7,L6,Macedo Faria e Filhos,03 Sep 2016,1790,2020,Trancoso,NF-1007-89911,Macedo Faria e Filhos,normal
FA,44,31485.30000,APU-12,L4,Mangold GbR,"04/21/2023, 00:00:00",1791,2016,East Joshuabury,NU-2966-09708,"Henson, Walker and Pruitt",2
FA,116,18237.10000,XC-7,L3,Macedo Faria e Filhos,2021-10-13,1792,2019,Leeberg,QQ-3794-10185,"Rivers, Welch and Hood",H
FA,33,11091.30000,APU-20,L2,Pinto Gaspar S.A.,"10/06/2019, 00:00:00",1793,2021,Johnfort,WJ-4622-96725,Schenk GmbH,2
FD,77,8039.30000,APU-15,L6,"Becker, Sanchez and Crawford","05/12/2020, 00:00:00",1794,2022,Bad Freienwalde,MT-2915-88026,"Barker, Henson and Neal",N
FD,24,28487.10000,APU-15,L5,Johnson-Garrett,2022-05-20,1795,2016,Cartaxo,CY-5360-26847,Leal Freitas S/A,heavy
FB,28,10120.00000,APU-20,L3,Walker Ltd,"11/03/2021, 00:00:00",1796,2022,Sacavém,EI-2017-69320,Allen-Ferguson,1
FB,18,12652.10000,APU-20,L6,Leal Freitas S/A,"12/03/2015, 00:00:00",1797,2021,West Andrewborough,TU-0967-65133,Pinto Gaspar S.A.,1
FA,44,17001.20000,XC-7,L2,Pinto Gaspar S.A.,"01/16/2023, 00:00:00",1798,2020,Almada,QC-8483-05034,"Carter, Kim and Allen",light
FA,43,10510.80000,APU-12,L6,James PLC,2020-12-04,1799,2021,Regen,QC-4983-64775,"Rivers, Welch and Hood",N
FC,37,2839.00000,APU-15,L1,Reinhardt,"12/15/2021, 00:00:00",1800,2024,Bad Freienwalde,GM-1242-71663,Leal Freitas S/A,1
FE,116,18390.40000,APU-15,L6,Heinrich,08 Aug 2017,1801,2019,Caldas da Rainha,FX-9305-82209,"Barker, Henson and Neal",heavy
FE,41,29245.90000,XC-7,L6,"Henson, Walker and Pruitt",19 Mar 2022,1802,2016,Johnfort,IX-2429-13313,Christoph GmbH,med
FA,112,6174.30000,APU-20,L1,"Becker, Sanchez and Crawford",2018/10/05,1803,2023,West Andrewborough,QH-2872-84128,Pinho Lopes Lda.,med
FB,54,6212.40000,APU-12,L4,"Becker, Sanchez and Crawford",2023/11/16,1804,2023,Caldas da Rainha,CY-9884-20213,Macedo Faria e Filhos,normal
FE,68,25305.50000,APU-15,L5,Trevino-Turner,2020-12-02,1805,2017,Almada,SS-8372-89903,Hövel Jopich KG,N
FC,23,8675.00000,XC-7,L6,"Henson, Walker and Pruitt","01/27/2022, 00:00:00",1806,2022,Johnfort,PE-9420-92212,"Rivers, Welch and Hood",heavy
FC,82,12181.30000,APU-15,L4,Johnson-Garrett,2020-11-01,1807,2021,São João da Madeira,IV-9681-28147,Christoph GmbH,3
FD,27,11896.60000,APU-20,L4,Silva,2020/06/02,1808,2021,Macedo de Cavaleiros,HK-8218-25344,Leal Freitas S/A, 1 
FC,21,8855.10000,APU-15,L2,Rogner KG,03 Jul 2024,1809,2022,Gomezberg,GJ-6810-47550,Huhn KGaA, L 
FE,42,15318.90000,APU-12,L6,Hövel Jopich KG,"04/22/2018, 00:00:00",1810,2020,Vila Real,OA-2014-29314,Teixeira, med 
FA,21,7356.90000,XC-7,L4,Allen-Ferguson,2022/08/25,1811,2022,Oranienburg,TD-0881-79875,Amorim,light
FA,14,37116.10000,APU-12,L3,Christoph GmbH,"04/28/2017, 00:00:00",1812,2014,Regen,HW-7733-83125,Roy and Sons,heavy
FC,60,16433.50000,APU-15,L4,Trapp Langern OHG mbH,12 Mar 2021,1813,2020,Sacavém,IU-6271-41280,Trevino-Turner,normal
FD,75,,APU-12,L1,Rogner KG,18 Jun 2015,1814,2019,Naila,XE-4691-09903,"Henson, Walker and Pruitt",med
FA,8,15592.90000,APU-20,L2,"Gibbs, Scott and Moore",2022-04-06,1815,2020,Póvoa de Santa Iria,LF-7500-46841,Christoph GmbH,N
FD,17,21646.50000,APU-20,L2,Teixeira,2023-09-01,1816,2018,Sacavém,BY-6624-70284,Pinto Gaspar S.A.,light
FC,27,2880.10000,XC-7,L5,Kraushaar GbR,2016/06/29,1817,2024,Trancoso,EW-2896-04602,Rogner KG,L
FB,3,3433.30000,APU-20,L2,Stroh,2018/03/24,1818,2024,Guimarães,YJ-8505-28446,Rogner KG,N
FC,90,25922.40000,APU-15,L4,Stroh,2019/11/17,1819,2017,West Andrewborough,ED-0390-82073,Christoph GmbH,normal
FC,27,11504.30000,APU-12,L5,Allen-Ferguson,2022/05/11,1820,2021,Trancoso,AS-4459-11764,Mitschke,L
FA,29,,APU-12,L6,Schenk GmbH,"03/15/2015, 00:00:00",1821,2022,Oranienburg,NU-1570-11216,Pinho Lopes Lda.,light
FE,52,15294.40000,XC-7,L5,"Rivers, Welch and Hood",2020-03-23,1822,2020,West Nicolechester,OZ-9888-81948,Christoph GmbH,light
FE,104,4174.10000,XC-7,L2,Teixeira,02 Dec 2022,1823,2023,West Andrewborough,UB-1674-63483,Johnson-Garrett,H
FD,57,,APU-15,L6,Pinto Gaspar S.A.,12 Feb 2019,1824,2019,Barbarachester,HH-0309-23318,James PLC, med 
FD,89,10398.90000,APU-20,L5,Trapp Langern OHG mbH,04 Jun 2021,1825,2022,São João da Madeira,PC-5672-85104,Rädel Löwer AG,heavy
FC,53,25205.10000,APU-20,L6,Trevino-Turner,2018/10/04,1826,2017,West Nicolechester,KA-9106-17757,"Becker, Sanchez and Crawford",med
FC,13,21063.30000,APU-20,L3,Christoph GmbH,2018/04/18,1827,2018,Youngfort,IW-1276-20701,Zobel,normal
FA,111,14296.00000,APU-12,L3,Huhn KGaA,01 Apr 2020,1828,2020,West Andrewborough,CV-0139-57687,Teixeira,3
FE,47,7698.80000,APU-12,L3,Faria,09 Apr 2018,1829,2022,Barbarachester,AV-5020-74633,Reinhardt,2
FD,33,7216.90000,APU-20,L5,Christoph GmbH,"10/31/2023, 00:00:00",1830,2022,Leeberg,KS-6405-78407,Leal Freitas S/A,1
FC,8,5025.50000,XC-7,L4,Kraushaar GbR,2016/02/03,1831,2023,Torres Vedras,BY-0368-01617,"Becker, Sanchez and Crawford",3
FA,29,35207.70000,APU-20,L6,Reinhardt,2021/08/21,1832,2014,Schleiz,HO-0446-27701,Trapp Langern OHG mbH,L
FB,98,9169.00000,XC-7,L1,Roy and Sons,"07/11/2022, 00:00:00",1833,2022,Fiães,CB-4643-04180,Walker Ltd,H
FA,116,9744.40000,APU-15,L2,Trevino-Turner,2017/10/31,1834,2022,Angermünde,LT-2226-89046,Hermighausen Weinhold AG & Co. KG,H
FE,67,,XC-7,L1,Mangold GbR,"03/25/2022, 00:00:00",1835,2022,Regen,AG-2847-64844,Hermighausen Weinhold AG & Co. KG,normal
FD,111,13726.90000,APU-20,L5,Schenk GmbH,24 Jan 2015,1836,2021,Chaves,BZ-9917-97542,Allen-Ferguson, H 
FE,55,12274.40000,XC-7,L2,Leal Freitas S/A,2018/10/01,1837,2021,Cartaxo,QH-5064-43085,Mitschke,normal
FE,106,5917.70000,APU-12,L3,Trapp Langern OHG mbH,18 May 2021,1838,2023,Nürtingen,CO-6882-87412,"Moore, Kennedy and Berger", heavy 
FD,29,7322.80000,APU-20,L2,Zobel,2020/01/20,1839,2022,Macedo de Cavaleiros,YG-8674-15874,Ribeiro,1
FC,89,20719.40000,APU-15,L6,"Becker, Sanchez and Crawford","02/08/2022, 00:00:00",1840,2019,Leeberg,VE-5782-09195,Johnson-Garrett,H
FC,36,11135.50000,APU-20,L2,Mitschke,29 Aug 2015,1841,2021,Quarteira,UZ-9008-08718,Mangold GbR,light
FA,58,16150.40000,APU-20,L2,Hövel Jopich KG,"08/25/2023, 00:00:00",1842,2020,West Andrewborough,OV-2105-37640,Mitschke, normal 
FE,47,20798.30000,APU-20,L2,Hermighausen Weinhold AG & Co. KG,"04/12/2023, 00:00:00",1843,2019,São Salvador de Lordelo,QM-6170-38303,"Henson, Walker and Pruitt",2
FA,1,14329.10000,APU-15,L3,Ribeiro,"08/03/2020, 00:00:00",1844,2020,Ebersberg,CA-9871-29823,Rädel Löwer AG,L
FA,53,22850.30000,APU-15,L6,Hövel Jopich KG,2016/11/22,1845,2018,New Danielshire,DA-3226-33590,Macedo Faria e Filhos,1
FD,116,9590.60000,XC-7,L6,Gutknecht Stiftung & Co. KG,"10/04/2019, 00:00:00",1846,2022,Naila,KA-7600-58132,Gutknecht Stiftung & Co. KG,heavy
FA,87,12530.40000,XC-7,L3,"Gibbs, Scott and Moore",2016-02-19,1847,2021,Port Alanside,WW-4257-07820,Faria,heavy
FD,14,6035.30000,APU-12,L5,James PLC,"06/24/2015, 00:00:00",1848,2023,Moniqueside,WR-2142-56542,Trevino-Turner,light
FE,111,10751.70000,XC-7,L6,Christoph GmbH,2024-06-07,1849,2021,Schleiz,BA-0029-68796,Allen-Ferguson,H
FD,15,9849.30000,APU-15,L4,Trevino-Turner,2015-05-30,1850,2022,Naila,AM-0563-05011,Trevino-Turner,L
FD,91,10219.60000,XC-7,L4,"Henson, Walker and Pruitt","04/20/2020, 00:00:00",1851,2022,Gifhorn,RI-8334-50002,Amorim,N
FB,16,23185.10000,APU-12,L1,"Rivers, Welch and Hood",2017-01-01,1852,2018,Caldas da Rainha,NF-8117-50436,"Becker, Sanchez and Crawford",light
FA,110,11484.80000,XC-7,L1,Huhn KGaA,"04/13/2020, 00:00:00",1853,2021,Biedenkopf,ME-9273-85767,Pinto Gaspar S.A.,3
FA,26,7243.00000,APU-12,L1,"Henson, Walker and Pruitt",2015-09-22,1854,2022,Port Alanside,UO-6318-54109,Trevino-Turner,L
FC,72,21780.20000,APU-15,L4,"Rivers, Welch and Hood",2016-11-04,1855,2018,Harrisbury,SB-7830-49511,Pinto Gaspar S.A.,med
FA,16,3655.50000,APU-20,L6,Walker Ltd,"12/11/2020, 00:00:00",1856,2023,Chaves,LM-5357-03225,Reinhardt,L
FD,96,7578.30000,APU-12,L4,"Hernandez, Malone and Smith",2017-06-07,1857,2022,Harrisbury,XQ-2224-90382,Gutknecht Stiftung & Co. KG,heavy
FE,15,7067.50000,XC-7,L6,Rogner KG,2017-08-30,1858,2022,Amarante,UM-5672-81218,Faria,3
FC,16,13601.20000,APU-12,L3,"Rivers, Welch and Hood",2020-08-26,1859,2021,Genthin,KS-5060-75814,Johnson-Garrett,heavy
FE,40,16459.80000,XC-7,L4,Heinrich,"03/25/2018, 00:00:00",1860,2020,Tondela,LQ-8034-25253,"Gibbs, Scott and Moore",L
FB,103,13335.50000,APU-15,L4,Heinrich,"11/19/2020, 00:00:00",1861,2021,Chaves,LE-2351-24215,"Moore, Kennedy and Berger",normal
FA,109,21919.90000,APU-20,L5,Christoph GmbH,2015-10-13,1862,2018,Caldas da Rainha,SY-2673-81428,Amorim,heavy
FD,37,,APU-12,L4,Faria,29 Oct 2017,1863,2022,Póvoa de Santa Iria,GA-5253-56981,"Gibbs, Scott and Moore",L
FA,62,9518.60000,XC-7,L4,Hövel Jopich KG,2020/07/14,1864,2022,Bruchsal,CN-6874-86624,Macedo Faria e Filhos,N
FE,55,17823.50000,APU-12,L6,Trevino-Turner,09 Oct 2018,1865,2019,Torres Vedras,BC-8371-26034,Christoph GmbH,normal
FE,80,19379.10000,APU-15,L6,Gutknecht Stiftung & Co. KG,"04/18/2020, 00:00:00",1866,2019,Fiães,KK-9801-94910,"Carter, Kim and Allen",heavy
FD,116,8090.00000,APU-20,L4,Macedo Faria e Filhos,07 May 2022,1867,2022,Ochsenfurt,XN-9512-43426,Kraushaar GbR,med
FC,22,7598.80000,APU-15,L5,Reinhardt,"03/17/2023, 00:00:00",1868,2022,Leeberg,DV-6784-99562,Reinhardt,N
FA,40,18077.90000,XC-7,L6,Gutknecht Stiftung & Co. KG,"12/11/2020, 00:00:00",1869,2019,Loulé,YV-0814-11098,Trevino-Turner,light
FD,51,18776.70000,XC-7,L1,Hövel Jopich KG,"04/03/2023, 00:00:00",1870,2019,Angelashire,WD-4422-70192,"Gibbs, Scott and Moore",1
FB,77,10351.80000,APU-12,L4,Gutknecht Stiftung & Co. KG,28 Jun 2021,1871,2022,Cartaxo,MA-4531-65081,"Gibbs, Scott and Moore",2
FC,17,20380.20000,APU-15,L6,Roy and Sons,2020-04-24,1872,2019,Oranienburg,XW-4206-30805,Schenk GmbH,3
FE,50,5459.50000,APU-20,L5,Zobel,"03/04/2022, 00:00:00",1873,2023,New Danielshire,OC-1218-14749,Ribeiro,med
FA,45,11791.60000,APU-12,L5,Christoph GmbH,2016-03-18,1874,2021,Gomezberg,MZ-1843-47957,Hövel Jopich KG,2
FC,87,,XC-7,L4,Hofmann Bender GmbH,2021-11-30,1875,2021,Port Alanside,SC-1283-51622,Rogner KG,3
FD,85,6450.50000,APU-20,L3,Gutknecht Stiftung & Co. KG,"09/03/2023, 00:00:00",1876,2023,Póvoa de Santa Iria,JT-6679-78581,Pinho Lopes Lda.,heavy
FD,98,5550.60000,XC-7,L2,Rädel Löwer AG,2018/02/28,1877,2023,Klötze,DH-0021-99302,"Becker, Sanchez and Crawford",med
FB,71,5165.90000,APU-12,L6,Silva,2022-05-01,1878,2023,Chaves,QS-0781-34820,Pinto Gaspar S.A.,2
FB,103,16371.50000,XC-7,L4,Faria,2020/05/15,1879,2020,Caldas da Rainha,GZ-0911-48557,Roy and Sons,3
FC,43,11472.80000,APU-12,L4,Ribeiro,"12/01/2018, 00:00:00",1880,2021,São João da Madeira,LG-5115-73058,Trevino-Turner,3
FC,35,8891.60000,APU-12,L2,"Henson, Walker and Pruitt",26 Oct 2018,1881,2022,Angermünde,WT-9980-96260,Ribeiro,1
FA,90,20126.40000,APU-12,L5,Huhn KGaA,2024/06/17,1882,2019,Gifhorn,ZJ-9874-01306,"Moore, Kennedy and Berger",H
FC,78,5122.50000,XC-7,L4,"Moore, Kennedy and Berger",2018-10-01,1883,2023,Bad Freienwalde,FW-6798-29202,Pinto Gaspar S.A.,normal
FE,30,6205.60000,APU-20,L3,James PLC,"06/27/2016, 00:00:00",1884,2023,Angermünde,DP-0230-07756,Amorim,L
FB,9,5496.50000,APU-12,L1,Pinho Lopes Lda.,2016/02/25,1885,2023,Macedo de Cavaleiros,ZL-0168-58611,Huhn KGaA, light 
FE,31,9965.10000,XC-7,L1,Schenk GmbH,05 Nov 2016,1886,2022,Oranienburg,QN-5086-22908,Mangold GbR,1
FA,0,29767.90000,APU-15,L4,"Carter, Kim and Allen",2024/10/07,1887,2016,Johnfort,IJ-4207-53970,Huhn KGaA,heavy
FE,3,26380.70000,APU-20,L6,Leal Freitas S/A,2024/03/03,1888,2017,Quarteira,VR-6081-61104,Stroh, H 
FD,108,23618.50000,APU-15,L4,Ribeiro,07 Sep 2018,1889,2018,Caldas da Rainha,CH-7669-03305,Heinrich,L
FE,31,15936.60000,XC-7,L5,Amorim,2023/03/23,1890,2020,Póvoa de Santa Iria,RV-4790-85939,Stroh,1
FA,74,9490.90000,APU-15,L2,Faria,19 Apr 2022,1891,2022,Moura,VY-3095-11929,Ribeiro,2
FE,55,25595.70000,XC-7,L3,"Becker, Sanchez and Crawford",2021-04-02,1892,2017,Angermünde,ND-4093-42228,Rädel Löwer AG,2
FA,10,18830.40000,APU-12,L3,Teixeira,2020-10-12,1893,2019,Christinehaven,ZZ-0489-07884,Hövel Jopich KG,1
FA,119,10177.70000,APU-15,L1,Heinrich,09 Jun 2018,1894,2022,Schleiz,NE-1355-26069,Macedo Faria e Filhos,heavy
FB,57,22959.70000,APU-12,L1,"Carter, Kim and Allen",2023-07-18,1895,2018,Angelashire,GO-0275-08465,Heinrich,med
FC,71,3589.30000,APU-20,L3,Trapp Langern OHG mbH,"09/21/2024, 00:00:00",1896,2023,Trancoso,ZX-4951-87408,Gutknecht Stiftung & Co. KG,med
FD,79,,APU-15,L4,Silva,"07/23/2020, 00:00:00",1897,2023,Caldas da Rainha,OT-7807-97400,"Carter, Kim and Allen",2
FB,29,13746.50000,APU-12,L3,Heinrich,"08/16/2017, 00:00:00",1898,2021,Youngfort,JD-4013-40282,Hermighausen Weinhold AG & Co. KG,3
FA,92,14949.90000,XC-7,L5,Hermighausen Weinhold AG & Co. KG,2020/04/28,1899,2020,Torres Vedras,PK-2587-12045,Hofmann Bender GmbH,N
FC,1,12164.00000,XC-7,L4,"Gibbs, Scott and Moore","12/20/2020, 00:00:00",1900,2021,Ochsenfurt,ES-6544-30653,Huhn KGaA,light
FC,32,19763.00000,APU-12,L4,"Moore, Kennedy and Berger",27 Oct 2016,1901,2019,Ebersberg,TC-2798-07196,Allen-Ferguson,1
FA,36,13722.40000,APU-12,L6,Hermighausen Weinhold AG & Co. KG,"10/30/2021, 00:00:00",1902,2021,Christinehaven,GE-9793-22597,"Henson, Walker and Pruitt",L
FA,106,21669.30000,XC-7,L1,Schenk GmbH,"11/22/2021, 00:00:00",1903,2018,São João da Madeira,JF-6732-30567,"Carter, Kim and Allen",light
FA,96,34980.00000,XC-7,L1,Hermighausen Weinhold AG & Co. KG,2015/04/14,1904,2015,Hensleyville,OW-9852-93436,Schenk GmbH,3
FE,54,39335.10000,APU-15,L4,Stroh,2023/05/30,1905,2013,Caldas da Rainha,KH-5180-02061,Stroh,normal
FC,70,21143.40000,APU-20,L3,Christoph GmbH,2016-10-13,1906,2018,Lourosa,DC-1755-58105,Faria,light
FD,103,14542.70000,APU-15,L5,Leal Freitas S/A,"04/30/2020, 00:00:00",1907,2020,Biedenkopf,XW-0541-33395,Rädel Löwer AG,3
FA,107,38739.70000,APU-15,L6,Christoph GmbH,2023/08/13,1908,2013,Almada,WQ-4798-80761,Mangold GbR,3
FD,31,3834.00000,APU-20,L4,"Barker, Henson and Neal",24 Aug 2021,1909,2023,Zerbst,QR-4763-29328,Silva,L
FB,49,8793.70000,APU-20,L6,"Barker, Henson and Neal",22 Dec 2024,1910,2022,Regen,OJ-4409-79419,"Moore, Kennedy and Berger",med
FE,92,30477.60000,XC-7,L5,Huhn KGaA,2020-10-17,1911,2016,Gifhorn,SO-8056-34927,Ribeiro,light
FC,92,37769.40000,APU-12,L1,Teixeira,2024-09-07,1912,2014,Cartaxo,YT-2354-07568,Reinhardt,H
FA,0,16985.40000,XC-7,L2,Hofmann Bender GmbH,2020-09-15,1913,2020,Barbarachester,LD-9068-43624,Heinrich,1
FD,12,7308.40000,APU-20,L4,"Henson, Walker and Pruitt","03/17/2023, 00:00:00",1914,2022,New Danielshire,XP-8496-05760,Teixeira,N
FA,103,8631.20000,APU-20,L3,Mangold GbR,2018-10-31,1915,2022,Amarante,JO-9161-50260,Schenk GmbH,H
FA,40,37692.10000,APU-12,L4,"Barker, Henson and Neal",17 Oct 2021,1916,2014,Angelashire,ZX-0382-19442,Silva,normal
FA,39,8804.00000,APU-15,L2,Huhn KGaA,2023/01/31,1917,2022,Johnnymouth,OV-0167-09262,"Moore, Kennedy and Berger",L
FA,80,12528.60000,APU-15,L4,Heinrich,12 Dec 2020,1918,2021,Moura,NR-8142-99730,Rogner KG,H
FE,109,8378.60000,XC-7,L6,"Gibbs, Scott and Moore","07/20/2022, 00:00:00",1919,2022,Johnfort,NN-6968-98071,"Carter, Kim and Allen",N
FA,57,10512.40000,APU-12,L3,Mitschke,2020-08-19,1920,2021,São Salvador de Lordelo,IN-8450-72090,"Gibbs, Scott and Moore",normal
FE,40,4966.10000,APU-20,L2,Christoph GmbH,2016-09-12,1921,2023,Lourosa,CS-3483-81669,Stroh,1
FD,34,26044.90000,APU-20,L5,"Moore, Kennedy and Berger",2020-10-06,1922,2017,Oranienburg,ZW-2065-99007,Mangold GbR,1
FD,70,14907.90000,APU-15,L5,Gutknecht Stiftung & Co. KG,24 Jan 2020,1923,2020,Loulé,FI-0953-12504,Silva, med 
FE,71,7492.10000,XC-7,L6,Mitschke,"11/24/2017, 00:00:00",1924,2022,São Salvador de Lordelo,DC-5198-34001,Heinrich,med
FB,65,10261.60000,APU-20,L4,Trapp Langern OHG mbH,2016-03-29,1925,2022,Bruchsal,CI-8315-51463,Pinho Lopes Lda., N 
FC,89,14610.40000,APU-20,L1,"Henson, Walker and Pruitt","11/12/2016, 00:00:00",1926,2020,Nordhausen,RK-7603-83462,Huhn KGaA,3
FC,86,10786.40000,APU-20,L4,"Hernandez, Malone and Smith",2023-03-17,1927,2021,Bruchsal,XT-1934-77404,"Barker, Henson and Neal",heavy
FC,30,,APU-15,L6,Trevino-Turner,"07/04/2022, 00:00:00",1928,2022,Guimarães,VP-1957-40361,Amorim,1
FC,92,17044.40000,XC-7,L5,Heinrich,2017/04/01,1929,2020,Almada,OB-8675-24548,"Carter, Kim and Allen",2
FB,60,22492.60000,APU-20,L5,Amorim,2015/11/18,1930,2018,Johnnymouth,PM-5190-39348,"Moore, Kennedy and Berger",2
FC,42,19420.20000,APU-15,L2,Roy and Sons,05 Jul 2015,1931,2019,Cartaxo,PZ-1897-18834,James PLC,N
FE,91,7561.10000,APU-12,L3,"Moore, Kennedy and Berger",18 Feb 2015,1932,2022,Fiães,IQ-3772-84245,"Gibbs, Scott and Moore",heavy
FB,76,14655.80000,APU-12,L6,"Hernandez, Malone and Smith","02/19/2016, 00:00:00",1933,2020,Gifhorn,JT-3176-16834,"Hernandez, Malone and Smith", N 
FA,21,8105.60000,APU-20,L2,Gutknecht Stiftung & Co. KG,"07/04/2023, 00:00:00",1934,2022,Póvoa de Santa Iria,JK-9283-05917,"Gibbs, Scott and Moore",1
FD,15,29493.80000,APU-20,L3,Rädel Löwer AG,"10/14/2024, 00:00:00",1935,2016,Ebersberg,WF-7854-51055,"Becker, Sanchez and Crawford",1
FA,46,11700.40000,APU-15,L6,Johnson-Garrett,"01/06/2019, 00:00:00",1936,2021,Tondela,JK-6366-81153,Stroh,2
FD,18,17186.60000,XC-7,L5,"Carter, Kim and Allen",2018/09/05,1937,2020,Cartaxo,MV-3301-14187,Stroh,light
FA,5,12007.50000,APU-20,L3,Walker Ltd,2024-05-09,1938,2021,Zerbst,IL-7767-49914,Gutknecht Stiftung & Co. KG,light
FD,38,18817.40000,APU-12,L1,Pinho Lopes Lda.,16 Jan 2022,1939,2019,Harrisbury,FI-1465-38304,Rädel Löwer AG,1
FB,36,11472.80000,APU-20,L2,Hermighausen Weinhold AG & Co. KG,2024/08/30,1940,2021,Nürtingen,UZ-5000-02720,Amorim,light
FC,96,8458.40000,APU-12,L4,Hövel Jopich KG,2022-03-17,1941,2022,Vila Real,VC-7226-25925,Allen-Ferguson,L
FB,95,9686.70000,APU-12,L1,Rogner KG,"06/28/2021, 00:00:00",1942,2022,Biedenkopf,LP-7289-99617,Silva,3
FD,78,6944.00000,APU-20,L6,Faria,"07/17/2015, 00:00:00",1943,2023,Macedo de Cavaleiros,QX-3108-13602,"Carter, Kim and Allen",2
FB,32,14797.50000,XC-7,L6,Leal Freitas S/A,2019-03-31,1944,2020,Ebersberg,JX-1560-77195,Huhn KGaA,1
FB,68,10185.20000,APU-20,L2,"Henson, Walker and Pruitt",2020/07/04,1945,2022,Regen,XX-7637-31964,Allen-Ferguson,med
FB,26,5814.70000,APU-15,L1,Heinrich,2019-05-06,1946,2023,Horta,KI-4415-05387,Roy and Sons,L
FE,38,16476.00000,APU-12,L1,Reinhardt,2021-08-26,1947,2020,West Andrewborough,KT-5033-71251,"Henson, Walker and Pruitt",L
FD,58,12558.80000,APU-12,L4,Faria,2024-01-08,1948,2021,São João da Madeira,KR-2211-16378,Christoph GmbH,med
FD,28,5958.70000,XC-7,L2,Pinto Gaspar S.A.,2019-09-30,1949,2023,Torres Novas,JW-3545-53488,Macedo Faria e Filhos,N
FE,33,11510.20000,APU-20,L6,Gutknecht Stiftung & Co. KG,2022/10/28,1950,2021,Klötze,MW-8844-30589,Johnson-Garrett,1
FD,28,13757.50000,APU-20,L6,"Henson, Walker and Pruitt",06 Sep 2018,1951,2021,Klötze,NO-7742-97551,"Rivers, Welch and Hood",light
FB,8,31478.40000,APU-20,L2,Ribeiro,2021/10/16,1952,2016,Caldas da Rainha,TC-8150-37666,Pinto Gaspar S.A.,1
FE,95,12846.80000,APU-12,L6,"Moore, Kennedy and Berger",31 Aug 2018,1953,2021,Kusel,JQ-9183-52057,Faria, heavy 
FD,118,17263.70000,APU-20,L4,"Gibbs, Scott and Moore",2018-02-27,1954,2020,Barbarachester,OT-3882-34964,Trevino-Turner,3
FD,99,13380.10000,APU-20,L5,Pinto Gaspar S.A.,15 Oct 2021,1955,2021,Póvoa de Santa Iria,FQ-3321-26703,Christoph GmbH,L
FB,13,18130.50000,APU-20,L4,Leal Freitas S/A,2021/02/07,1956,2019,Klötze,EZ-3940-23777,Ribeiro,L
FB,85,14887.00000,APU-15,L5,Leal Freitas S/A,2022-11-07,1957,2020,Lourosa,NP-5254-03139,Roy and Sons,3
FC,31,38033.30000,APU-12,L1,Walker Ltd,2023/05/31,1958,2014,Johnfort,AK-1183-06035,Trapp Langern OHG mbH,1
FD,65,15946.30000,APU-20,L4,Roy and Sons,27 Apr 2022,1959,2020,Chaves,AT-7812-71716,James PLC,L
FE,47,8788.90000,XC-7,L6,Leal Freitas S/A,2018-04-24,1960,2022,São João da Madeira,MW-1527-15668,"Moore, Kennedy and Berger",normal
FD,38,22225.30000,APU-12,L6,Heinrich,2017/12/18,1961,2018,Vila Real,YB-2898-57245,Schenk GmbH,N
FE,38,5093.00000,XC-7,L4,Roy and Sons,2016/03/22,1962,2023,São João da Madeira,QE-4239-33039,Hofmann Bender GmbH,light
FC,6,4317.50000,APU-12,L3,Huhn KGaA,2024-10-26,1963,2023,Lourosa,UO-8249-41912,Mitschke, light 
FE,23,6050.40000,APU-20,L3,Heinrich,"06/18/2023, 00:00:00",1964,2023,Regen,PC-1344-15477,"Rivers, Welch and Hood",1
FB,71,12853.10000,APU-15,L1,Ribeiro,2018-08-21,1965,2021,Biedenkopf,IO-4329-70597,Teixeira,med
FE,59,23440.10000,XC-7,L4,"Moore, Kennedy and Berger",2018/07/26,1966,2018,Guimarães,TN-5296-86675,Faria,med
FD,51,20076.80000,APU-15,L4,James PLC,2015/11/20,1967,2019,Macedo de Cavaleiros,VK-3480-89062,Trapp Langern OHG mbH,normal
FD,65,5839.60000,XC-7,L2,Mangold GbR,"09/14/2024, 00:00:00",1968,2023,Macedo de Cavaleiros,PP-3639-74511,Roy and Sons,2
FD,3,19971.80000,XC-7,L5,Amorim,2017-01-16,1969,2019,Vila Real,TS-4576-33591,Stroh,light
FC,16,10097.00000,XC-7,L5,Reinhardt,31 May 2021,1970,2022,Tondela,TA-6537-86093,Rogner KG,light
FB,21,,APU-20,L1,James PLC,2020-02-05,1971,2021,Bruchsal,VZ-2699-39758,Heinrich,L
FB,0,19699.30000,XC-7,L5,Trevino-Turner,2020-04-24,1972,2019,East Joshuabury,WK-4069-68155,Zobel,L
FB,109,13996.90000,APU-12,L3,Macedo Faria e Filhos,2024-05-20,1973,2021,Trancoso,GV-7469-53606,Trevino-Turner,heavy
FD,56,15051.30000,APU-20,L1,Hofmann Bender GmbH,2023/11/12,1974,2020,Torres Novas,OG-4210-25365,"Carter, Kim and Allen",N
FB,99,23167.90000,APU-15,L2,Stroh,30 Apr 2021,1975,2018,Kusel,DK-2887-78670,Kraushaar GbR,L
FA,87,30860.30000,APU-12,L5,Schenk GmbH,2024/06/28,1976,2016,Regen,RB-7212-32285,Stroh,heavy
FC,69,6013.70000,APU-20,L4,Allen-Ferguson,"08/12/2015, 00:00:00",1977,2023,Caldas da Rainha,OL-5389-54084,Trevino-Turner,normal
FB,66,6408.70000,XC-7,L4,Leal Freitas S/A,2017-04-25,1978,2023,South Renee,RH-3034-73997,"Moore, Kennedy and Berger",2
FB,21,5942.00000,APU-12,L5,Hofmann Bender GmbH,"09/15/2018, 00:00:00",1979,2023,Tondela,AE-2506-57838,Reinhardt,light
FA,48,7254.30000,APU-12,L6,Trevino-Turner,"07/07/2018, 00:00:00",1980,2022,East Joshuabury,XT-2236-86913,Silva,1
FB,119,7637.70000,XC-7,L6,Rogner KG,"09/20/2017, 00:00:00",1981,2022,Leeberg,NA-2416-58734,Roy and Sons,heavy
FB,80,4866.70000,APU-12,L4,Heinrich,2022-01-15,1982,2023,Youngfort,WY-6801-91008,Pinto Gaspar S.A.,heavy
FC,40,12349.80000,APU-20,L6,Reinhardt,2015/08/20,1983,2021,Bruchsal,AM-1750-62101,Kraushaar GbR,normal
FB,41,9380.60000,XC-7,L5,Hofmann Bender GmbH,2022-05-22,1984,2022,Oranienburg,EV-4718-13276,James PLC,N
FA,30,14312.60000,APU-20,L2,Mangold GbR,"02/14/2017, 00:00:00",1985,2020,Nürtingen,NH-2523-12951,Pinto Gaspar S.A.,L
FB,29,15295.40000,XC-7,L5,Trapp Langern OHG mbH,"07/30/2019, 00:00:00",1986,2020,Póvoa de Santa Iria,VD-9209-39041,"Rivers, Welch and Hood",1
FE,5,12835.00000,APU-20,L5,Rogner KG,07 Jul 2023,1987,2021,West Nicolechester,AE-3092-68742,Rädel Löwer AG,L
FA,47,5916.90000,APU-12,L6,Hofmann Bender GmbH,28 Oct 2016,1988,2023,Chaves,NQ-4048-71104,"Henson, Walker and Pruitt",med
FD,70,11331.50000,APU-20,L1,"Barker, Henson and Neal","03/12/2016, 00:00:00",1989,2021,Tondela,BX-6018-02167,Pinho Lopes Lda.,heavy
FB,2,30987.00000,APU-12,L4,Pinho Lopes Lda.,2020/03/22,1990,2016,East Joshuabury,NS-4730-52415,Allen-Ferguson,2
FC,55,13881.30000,XC-7,L3,Rädel Löwer AG,2021/06/24,1991,2021,Gomezberg,GY-3996-62335,Leal Freitas S/A,normal
FD,32,5924.70000,APU-20,L5,Stroh,20 Jul 2019,1992,2023,Torres Novas,NO-8531-35541,Reinhardt,1
FC,44,17371.40000,APU-15,L6,Zobel,"11/30/2021, 00:00:00",1993,2020,Fiães,TO-8997-16878,Walker Ltd, N 
FC,87,24185.70000,APU-20,L2,Rädel Löwer AG,"11/28/2019, 00:00:00",1994,2018,Christinehaven,RG-9896-17939,"Moore, Kennedy and Berger",3
FE,51,29184.60000,XC-7,L1,Hövel Jopich KG,2024-06-05,1995,2016,Caldas da Rainha,TK-6621-81021,Macedo Faria e Filhos,H
FE,17,21856.40000,APU-20,L3,Gutknecht Stiftung & Co. KG,"02/06/2017, 00:00:00",1996,2018,South Sabrina,RH-3702-80283,Hermighausen Weinhold AG & Co. KG,light
FC,51,15446.20000,APU-15,L4,Faria,10 Jan 2023,1997,2020,Macedo de Cavaleiros,RE-7411-74860,Amorim,normal
FB,18,23583.40000,APU-15,L3,Schenk GmbH,2021-01-18,1998,2018,Caldas da Rainha,UJ-3446-02176,Leal Freitas S/A,light
FB,47,6983.50000,XC-7,L2,Pinho Lopes Lda.,2024/06/30,1999,2023,São João da Madeira,ZV-3887-73571,Hermighausen Weinhold AG & Co. KG,light
FE,70,15718.90000,XC-7,L2,Christoph GmbH,2019/06/01,2000,2020,Klötze,VS-2881-37376,Allen-Ferguson,1
